id,img_min,img_max,img_mean,img_std,msk_min,msk_max,shape,img_path,mask_path,normalize
img_0000.npy,0.0,1.0,0.5299127,0.14694329,0,1,"(128, 128, 128)",/home/grva-mint/Projects/Falhas/Dataset/dataset_74/images/img_0000.npy,/home/grva-mint/Projects/Falhas/Dataset/dataset_74/masks/img_0000.npy,True
img_0001.npy,0.0,1.0,0.5030188,0.12177388,0,1,"(128, 128, 128)",/home/grva-mint/Projects/Falhas/Dataset/dataset_74/images/img_0001.npy,/home/grva-mint/Projects/Falhas/Dataset/dataset_74/masks/img_0001.npy,True
img_0002.npy,0.0,1.0,0.4696829,0.11692201,0,1,"(128, 128, 128)",/home/grva-mint/Projects/Falhas/Dataset/dataset_74/images/img_0002.npy,/home/grva-mint/Projects/Falhas/Dataset/dataset_74/masks/img_0002.npy,True
img_0003.npy,0.0,1.0,0.52441233,0.11740061,0,1,"(128, 128, 128)",/home/grva-mint/Projects/Falhas/Dataset/dataset_74/images/img_0003.npy,/home/grva-mint/Projects/Falhas/Dataset/dataset_74/masks/img_0003.npy,True
img_0004.npy,0.0,1.0,0.5247276,0.09806786,0,1,"(128, 128, 128)",/home/grva-mint/Projects/Falhas/Dataset/dataset_74/images/img_0004.npy,/home/grva-mint/Projects/Falhas/Dataset/dataset_74/masks/img_0004.npy,True
img_0005.npy,0.0,1.0,0.48866245,0.11650176,0,1,"(128, 128, 128)",/home/grva-mint/Projects/Falhas/Dataset/dataset_74/images/img_0005.npy,/home/grva-mint/Projects/Falhas/Dataset/dataset_74/masks/img_0005.npy,True
img_0006.npy,0.0,1.0,0.52625835,0.12713192,0,1,"(128, 128, 128)",/home/grva-mint/Projects/Falhas/Dataset/dataset_74/images/img_0006.npy,/home/grva-mint/Projects/Falhas/Dataset/dataset_74/masks/img_0006.npy,True
img_0007.npy,0.0,1.0,0.4449765,0.101142555,0,1,"(128, 128, 128)",/home/grva-mint/Projects/Falhas/Dataset/dataset_74/images/img_0007.npy,/home/grva-mint/Projects/Falhas/Dataset/dataset_74/masks/img_0007.npy,True
img_0008.npy,0.0,1.0,0.48464835,0.11547409,0,1,"(128, 128, 128)",/home/grva-mint/Projects/Falhas/Dataset/dataset_74/images/img_0008.npy,/home/grva-mint/Projects/Falhas/Dataset/dataset_74/masks/img_0008.npy,True
img_0009.npy,0.0,1.0,0.46173927,0.11950711,0,1,"(128, 128, 128)",/home/grva-mint/Projects/Falhas/Dataset/dataset_74/images/img_0009.npy,/home/grva-mint/Projects/Falhas/Dataset/dataset_74/masks/img_0009.npy,True
img_0010.npy,0.0,1.0,0.48272055,0.12028483,0,1,"(128, 128, 128)",/home/grva-mint/Projects/Falhas/Dataset/dataset_74/images/img_0010.npy,/home/grva-mint/Projects/Falhas/Dataset/dataset_74/masks/img_0010.npy,True
img_0011.npy,0.0,1.0,0.47969392,0.117168084,0,1,"(128, 128, 128)",/home/grva-mint/Projects/Falhas/Dataset/dataset_74/images/img_0011.npy,/home/grva-mint/Projects/Falhas/Dataset/dataset_74/masks/img_0011.npy,True
img_0012.npy,0.0,1.0,0.4743044,0.11730193,0,1,"(128, 128, 128)",/home/grva-mint/Projects/Falhas/Dataset/dataset_74/images/img_0012.npy,/home/grva-mint/Projects/Falhas/Dataset/dataset_74/masks/img_0012.npy,True
img_0013.npy,0.0,1.0,0.50223064,0.11943768,0,1,"(128, 128, 128)",/home/grva-mint/Projects/Falhas/Dataset/dataset_74/images/img_0013.npy,/home/grva-mint/Projects/Falhas/Dataset/dataset_74/masks/img_0013.npy,True
img_0014.npy,0.0,1.0,0.5098177,0.1224615,0,1,"(128, 128, 128)",/home/grva-mint/Projects/Falhas/Dataset/dataset_74/images/img_0014.npy,/home/grva-mint/Projects/Falhas/Dataset/dataset_74/masks/img_0014.npy,True
img_0015.npy,0.0,1.0,0.47579068,0.116716586,0,1,"(128, 128, 128)",/home/grva-mint/Projects/Falhas/Dataset/dataset_74/images/img_0015.npy,/home/grva-mint/Projects/Falhas/Dataset/dataset_74/masks/img_0015.npy,True
img_0016.npy,0.0,1.0,0.47039327,0.1322685,0,1,"(128, 128, 128)",/home/grva-mint/Projects/Falhas/Dataset/dataset_74/images/img_0016.npy,/home/grva-mint/Projects/Falhas/Dataset/dataset_74/masks/img_0016.npy,True
img_0017.npy,0.0,1.0,0.5287567,0.12981583,0,1,"(128, 128, 128)",/home/grva-mint/Projects/Falhas/Dataset/dataset_74/images/img_0017.npy,/home/grva-mint/Projects/Falhas/Dataset/dataset_74/masks/img_0017.npy,True
img_0018.npy,0.0,1.0,0.51115817,0.13190472,0,1,"(128, 128, 128)",/home/grva-mint/Projects/Falhas/Dataset/dataset_74/images/img_0018.npy,/home/grva-mint/Projects/Falhas/Dataset/dataset_74/masks/img_0018.npy,True
img_0019.npy,0.0,1.0,0.50133467,0.13344207,0,1,"(128, 128, 128)",/home/grva-mint/Projects/Falhas/Dataset/dataset_74/images/img_0019.npy,/home/grva-mint/Projects/Falhas/Dataset/dataset_74/masks/img_0019.npy,True
img_0020.npy,0.0,1.0,0.5178746,0.13307604,0,1,"(128, 128, 128)",/home/grva-mint/Projects/Falhas/Dataset/dataset_74/images/img_0020.npy,/home/grva-mint/Projects/Falhas/Dataset/dataset_74/masks/img_0020.npy,True
img_0021.npy,0.0,1.0,0.51434046,0.1394637,0,1,"(128, 128, 128)",/home/grva-mint/Projects/Falhas/Dataset/dataset_74/images/img_0021.npy,/home/grva-mint/Projects/Falhas/Dataset/dataset_74/masks/img_0021.npy,True
img_0022.npy,0.0,1.0,0.5472461,0.12883756,0,1,"(128, 128, 128)",/home/grva-mint/Projects/Falhas/Dataset/dataset_74/images/img_0022.npy,/home/grva-mint/Projects/Falhas/Dataset/dataset_74/masks/img_0022.npy,True
img_0023.npy,0.0,1.0,0.4747415,0.104816414,0,1,"(128, 128, 128)",/home/grva-mint/Projects/Falhas/Dataset/dataset_74/images/img_0023.npy,/home/grva-mint/Projects/Falhas/Dataset/dataset_74/masks/img_0023.npy,True
img_0024.npy,0.0,1.0,0.5501842,0.10936733,0,1,"(128, 128, 128)",/home/grva-mint/Projects/Falhas/Dataset/dataset_74/images/img_0024.npy,/home/grva-mint/Projects/Falhas/Dataset/dataset_74/masks/img_0024.npy,True
img_0025.npy,0.0,1.0,0.44523877,0.14218011,0,1,"(128, 128, 128)",/home/grva-mint/Projects/Falhas/Dataset/dataset_74/images/img_0025.npy,/home/grva-mint/Projects/Falhas/Dataset/dataset_74/masks/img_0025.npy,True
img_0026.npy,0.0,1.0,0.4904212,0.13617286,0,1,"(128, 128, 128)",/home/grva-mint/Projects/Falhas/Dataset/dataset_74/images/img_0026.npy,/home/grva-mint/Projects/Falhas/Dataset/dataset_74/masks/img_0026.npy,True
img_0027.npy,0.0,1.0,0.46763226,0.14511736,0,1,"(128, 128, 128)",/home/grva-mint/Projects/Falhas/Dataset/dataset_74/images/img_0027.npy,/home/grva-mint/Projects/Falhas/Dataset/dataset_74/masks/img_0027.npy,True
img_0028.npy,0.0,1.0,0.5242614,0.085642666,0,1,"(128, 128, 128)",/home/grva-mint/Projects/Falhas/Dataset/dataset_74/images/img_0028.npy,/home/grva-mint/Projects/Falhas/Dataset/dataset_74/masks/img_0028.npy,True
img_0029.npy,0.0,1.0,0.46456575,0.13229805,0,1,"(128, 128, 128)",/home/grva-mint/Projects/Falhas/Dataset/dataset_74/images/img_0029.npy,/home/grva-mint/Projects/Falhas/Dataset/dataset_74/masks/img_0029.npy,True
img_0030.npy,0.0,1.0,0.4906267,0.11767826,0,1,"(128, 128, 128)",/home/grva-mint/Projects/Falhas/Dataset/dataset_74/images/img_0030.npy,/home/grva-mint/Projects/Falhas/Dataset/dataset_74/masks/img_0030.npy,True
img_0031.npy,0.0,1.0,0.45943496,0.13751963,0,1,"(128, 128, 128)",/home/grva-mint/Projects/Falhas/Dataset/dataset_74/images/img_0031.npy,/home/grva-mint/Projects/Falhas/Dataset/dataset_74/masks/img_0031.npy,True
img_0032.npy,0.0,1.0,0.526062,0.115424305,0,1,"(128, 128, 128)",/home/grva-mint/Projects/Falhas/Dataset/dataset_74/images/img_0032.npy,/home/grva-mint/Projects/Falhas/Dataset/dataset_74/masks/img_0032.npy,True
img_0033.npy,0.0,1.0,0.50077504,0.10049869,0,1,"(128, 128, 128)",/home/grva-mint/Projects/Falhas/Dataset/dataset_74/images/img_0033.npy,/home/grva-mint/Projects/Falhas/Dataset/dataset_74/masks/img_0033.npy,True
img_0034.npy,0.0,1.0,0.5097943,0.14217134,0,1,"(128, 128, 128)",/home/grva-mint/Projects/Falhas/Dataset/dataset_74/images/img_0034.npy,/home/grva-mint/Projects/Falhas/Dataset/dataset_74/masks/img_0034.npy,True
img_0035.npy,0.0,1.0,0.48123085,0.12964056,0,1,"(128, 128, 128)",/home/grva-mint/Projects/Falhas/Dataset/dataset_74/images/img_0035.npy,/home/grva-mint/Projects/Falhas/Dataset/dataset_74/masks/img_0035.npy,True
img_0036.npy,0.0,1.0,0.47004992,0.11735491,0,1,"(128, 128, 128)",/home/grva-mint/Projects/Falhas/Dataset/dataset_74/images/img_0036.npy,/home/grva-mint/Projects/Falhas/Dataset/dataset_74/masks/img_0036.npy,True
img_0037.npy,0.0,1.0,0.47103217,0.12903923,0,1,"(128, 128, 128)",/home/grva-mint/Projects/Falhas/Dataset/dataset_74/images/img_0037.npy,/home/grva-mint/Projects/Falhas/Dataset/dataset_74/masks/img_0037.npy,True
img_0038.npy,0.0,1.0,0.44523236,0.13362989,0,1,"(128, 128, 128)",/home/grva-mint/Projects/Falhas/Dataset/dataset_74/images/img_0038.npy,/home/grva-mint/Projects/Falhas/Dataset/dataset_74/masks/img_0038.npy,True
img_0039.npy,0.0,1.0,0.47549012,0.11978499,0,1,"(128, 128, 128)",/home/grva-mint/Projects/Falhas/Dataset/dataset_74/images/img_0039.npy,/home/grva-mint/Projects/Falhas/Dataset/dataset_74/masks/img_0039.npy,True
img_0040.npy,0.0,1.0,0.4921524,0.12470691,0,1,"(128, 128, 128)",/home/grva-mint/Projects/Falhas/Dataset/dataset_74/images/img_0040.npy,/home/grva-mint/Projects/Falhas/Dataset/dataset_74/masks/img_0040.npy,True
img_0041.npy,0.0,1.0,0.51551366,0.15293764,0,1,"(128, 128, 128)",/home/grva-mint/Projects/Falhas/Dataset/dataset_74/images/img_0041.npy,/home/grva-mint/Projects/Falhas/Dataset/dataset_74/masks/img_0041.npy,True
img_0042.npy,0.0,1.0,0.47196704,0.11028606,0,1,"(128, 128, 128)",/home/grva-mint/Projects/Falhas/Dataset/dataset_74/images/img_0042.npy,/home/grva-mint/Projects/Falhas/Dataset/dataset_74/masks/img_0042.npy,True
img_0043.npy,0.0,1.0,0.49211293,0.13041922,0,1,"(128, 128, 128)",/home/grva-mint/Projects/Falhas/Dataset/dataset_74/images/img_0043.npy,/home/grva-mint/Projects/Falhas/Dataset/dataset_74/masks/img_0043.npy,True
img_0044.npy,0.0,1.0,0.47774148,0.14382544,0,1,"(128, 128, 128)",/home/grva-mint/Projects/Falhas/Dataset/dataset_74/images/img_0044.npy,/home/grva-mint/Projects/Falhas/Dataset/dataset_74/masks/img_0044.npy,True
img_0045.npy,0.0,1.0,0.46547693,0.10015405,0,1,"(128, 128, 128)",/home/grva-mint/Projects/Falhas/Dataset/dataset_74/images/img_0045.npy,/home/grva-mint/Projects/Falhas/Dataset/dataset_74/masks/img_0045.npy,True
img_0046.npy,0.0,1.0,0.5367182,0.113086015,0,1,"(128, 128, 128)",/home/grva-mint/Projects/Falhas/Dataset/dataset_74/images/img_0046.npy,/home/grva-mint/Projects/Falhas/Dataset/dataset_74/masks/img_0046.npy,True
img_0047.npy,0.0,1.0,0.4962922,0.11859381,0,1,"(128, 128, 128)",/home/grva-mint/Projects/Falhas/Dataset/dataset_74/images/img_0047.npy,/home/grva-mint/Projects/Falhas/Dataset/dataset_74/masks/img_0047.npy,True
img_0048.npy,0.0,1.0,0.5332037,0.11918397,0,1,"(128, 128, 128)",/home/grva-mint/Projects/Falhas/Dataset/dataset_74/images/img_0048.npy,/home/grva-mint/Projects/Falhas/Dataset/dataset_74/masks/img_0048.npy,True
img_0049.npy,0.0,1.0,0.5106337,0.14400788,0,1,"(128, 128, 128)",/home/grva-mint/Projects/Falhas/Dataset/dataset_74/images/img_0049.npy,/home/grva-mint/Projects/Falhas/Dataset/dataset_74/masks/img_0049.npy,True
img_0050.npy,0.0,1.0,0.4978999,0.13989906,0,1,"(128, 128, 128)",/home/grva-mint/Projects/Falhas/Dataset/dataset_74/images/img_0050.npy,/home/grva-mint/Projects/Falhas/Dataset/dataset_74/masks/img_0050.npy,True
img_0051.npy,0.0,1.0,0.46304193,0.09386378,0,1,"(128, 128, 128)",/home/grva-mint/Projects/Falhas/Dataset/dataset_74/images/img_0051.npy,/home/grva-mint/Projects/Falhas/Dataset/dataset_74/masks/img_0051.npy,True
img_0052.npy,0.0,1.0,0.46624613,0.16197181,0,1,"(128, 128, 128)",/home/grva-mint/Projects/Falhas/Dataset/dataset_74/images/img_0052.npy,/home/grva-mint/Projects/Falhas/Dataset/dataset_74/masks/img_0052.npy,True
img_0053.npy,0.0,1.0,0.49841234,0.11238543,0,1,"(128, 128, 128)",/home/grva-mint/Projects/Falhas/Dataset/dataset_74/images/img_0053.npy,/home/grva-mint/Projects/Falhas/Dataset/dataset_74/masks/img_0053.npy,True
img_0054.npy,0.0,1.0,0.49206373,0.11617556,0,1,"(128, 128, 128)",/home/grva-mint/Projects/Falhas/Dataset/dataset_74/images/img_0054.npy,/home/grva-mint/Projects/Falhas/Dataset/dataset_74/masks/img_0054.npy,True
img_0055.npy,0.0,1.0,0.5038624,0.14662345,0,1,"(128, 128, 128)",/home/grva-mint/Projects/Falhas/Dataset/dataset_74/images/img_0055.npy,/home/grva-mint/Projects/Falhas/Dataset/dataset_74/masks/img_0055.npy,True
img_0056.npy,0.0,1.0,0.48141328,0.12404107,0,1,"(128, 128, 128)",/home/grva-mint/Projects/Falhas/Dataset/dataset_74/images/img_0056.npy,/home/grva-mint/Projects/Falhas/Dataset/dataset_74/masks/img_0056.npy,True
img_0057.npy,0.0,1.0,0.5262769,0.1242592,0,1,"(128, 128, 128)",/home/grva-mint/Projects/Falhas/Dataset/dataset_74/images/img_0057.npy,/home/grva-mint/Projects/Falhas/Dataset/dataset_74/masks/img_0057.npy,True
img_0058.npy,0.0,1.0,0.488299,0.12554382,0,1,"(128, 128, 128)",/home/grva-mint/Projects/Falhas/Dataset/dataset_74/images/img_0058.npy,/home/grva-mint/Projects/Falhas/Dataset/dataset_74/masks/img_0058.npy,True
img_0059.npy,0.0,1.0,0.5633967,0.09813262,0,1,"(128, 128, 128)",/home/grva-mint/Projects/Falhas/Dataset/dataset_74/images/img_0059.npy,/home/grva-mint/Projects/Falhas/Dataset/dataset_74/masks/img_0059.npy,True
img_0060.npy,0.0,1.0,0.5055693,0.122886024,0,1,"(128, 128, 128)",/home/grva-mint/Projects/Falhas/Dataset/dataset_74/images/img_0060.npy,/home/grva-mint/Projects/Falhas/Dataset/dataset_74/masks/img_0060.npy,True
img_0061.npy,0.0,1.0,0.4922143,0.13162936,0,1,"(128, 128, 128)",/home/grva-mint/Projects/Falhas/Dataset/dataset_74/images/img_0061.npy,/home/grva-mint/Projects/Falhas/Dataset/dataset_74/masks/img_0061.npy,True
img_0062.npy,0.0,1.0,0.51389223,0.11965014,0,1,"(128, 128, 128)",/home/grva-mint/Projects/Falhas/Dataset/dataset_74/images/img_0062.npy,/home/grva-mint/Projects/Falhas/Dataset/dataset_74/masks/img_0062.npy,True
img_0063.npy,0.0,1.0,0.5207443,0.10394636,0,1,"(128, 128, 128)",/home/grva-mint/Projects/Falhas/Dataset/dataset_74/images/img_0063.npy,/home/grva-mint/Projects/Falhas/Dataset/dataset_74/masks/img_0063.npy,True
img_0064.npy,0.0,1.0,0.5029212,0.13082011,0,1,"(128, 128, 128)",/home/grva-mint/Projects/Falhas/Dataset/dataset_74/images/img_0064.npy,/home/grva-mint/Projects/Falhas/Dataset/dataset_74/masks/img_0064.npy,True
img_0065.npy,0.0,1.0,0.50772536,0.10374006,0,1,"(128, 128, 128)",/home/grva-mint/Projects/Falhas/Dataset/dataset_74/images/img_0065.npy,/home/grva-mint/Projects/Falhas/Dataset/dataset_74/masks/img_0065.npy,True
img_0066.npy,0.0,1.0,0.47982845,0.1366175,0,1,"(128, 128, 128)",/home/grva-mint/Projects/Falhas/Dataset/dataset_74/images/img_0066.npy,/home/grva-mint/Projects/Falhas/Dataset/dataset_74/masks/img_0066.npy,True
img_0067.npy,0.0,1.0,0.5109768,0.118524425,0,1,"(128, 128, 128)",/home/grva-mint/Projects/Falhas/Dataset/dataset_74/images/img_0067.npy,/home/grva-mint/Projects/Falhas/Dataset/dataset_74/masks/img_0067.npy,True
img_0068.npy,0.0,1.0,0.4859226,0.12555772,0,1,"(128, 128, 128)",/home/grva-mint/Projects/Falhas/Dataset/dataset_74/images/img_0068.npy,/home/grva-mint/Projects/Falhas/Dataset/dataset_74/masks/img_0068.npy,True
img_0069.npy,0.0,1.0,0.5135986,0.13454227,0,1,"(128, 128, 128)",/home/grva-mint/Projects/Falhas/Dataset/dataset_74/images/img_0069.npy,/home/grva-mint/Projects/Falhas/Dataset/dataset_74/masks/img_0069.npy,True
img_0070.npy,0.0,1.0,0.4931771,0.11826006,0,1,"(128, 128, 128)",/home/grva-mint/Projects/Falhas/Dataset/dataset_74/images/img_0070.npy,/home/grva-mint/Projects/Falhas/Dataset/dataset_74/masks/img_0070.npy,True
img_0071.npy,0.0,1.0,0.5215485,0.12480841,0,1,"(128, 128, 128)",/home/grva-mint/Projects/Falhas/Dataset/dataset_74/images/img_0071.npy,/home/grva-mint/Projects/Falhas/Dataset/dataset_74/masks/img_0071.npy,True
img_0072.npy,0.0,1.0,0.49337187,0.11570304,0,1,"(128, 128, 128)",/home/grva-mint/Projects/Falhas/Dataset/dataset_74/images/img_0072.npy,/home/grva-mint/Projects/Falhas/Dataset/dataset_74/masks/img_0072.npy,True
img_0073.npy,0.0,1.0,0.48611146,0.14243329,0,1,"(128, 128, 128)",/home/grva-mint/Projects/Falhas/Dataset/dataset_74/images/img_0073.npy,/home/grva-mint/Projects/Falhas/Dataset/dataset_74/masks/img_0073.npy,True
img_0074.npy,0.0,1.0,0.509142,0.103368565,0,1,"(128, 128, 128)",/home/grva-mint/Projects/Falhas/Dataset/dataset_74/images/img_0074.npy,/home/grva-mint/Projects/Falhas/Dataset/dataset_74/masks/img_0074.npy,True
img_0075.npy,0.0,1.0,0.49076054,0.12149962,0,1,"(128, 128, 128)",/home/grva-mint/Projects/Falhas/Dataset/dataset_74/images/img_0075.npy,/home/grva-mint/Projects/Falhas/Dataset/dataset_74/masks/img_0075.npy,True
img_0076.npy,0.0,1.0,0.50482017,0.15687089,0,1,"(128, 128, 128)",/home/grva-mint/Projects/Falhas/Dataset/dataset_74/images/img_0076.npy,/home/grva-mint/Projects/Falhas/Dataset/dataset_74/masks/img_0076.npy,True
img_0077.npy,0.0,1.0,0.4918483,0.13376991,0,1,"(128, 128, 128)",/home/grva-mint/Projects/Falhas/Dataset/dataset_74/images/img_0077.npy,/home/grva-mint/Projects/Falhas/Dataset/dataset_74/masks/img_0077.npy,True
img_0078.npy,0.0,1.0,0.4739321,0.13248926,0,1,"(128, 128, 128)",/home/grva-mint/Projects/Falhas/Dataset/dataset_74/images/img_0078.npy,/home/grva-mint/Projects/Falhas/Dataset/dataset_74/masks/img_0078.npy,True
img_0079.npy,0.0,1.0,0.4941804,0.14868206,0,1,"(128, 128, 128)",/home/grva-mint/Projects/Falhas/Dataset/dataset_74/images/img_0079.npy,/home/grva-mint/Projects/Falhas/Dataset/dataset_74/masks/img_0079.npy,True
img_0080.npy,0.0,1.0,0.43750447,0.10916749,0,1,"(128, 128, 128)",/home/grva-mint/Projects/Falhas/Dataset/dataset_74/images/img_0080.npy,/home/grva-mint/Projects/Falhas/Dataset/dataset_74/masks/img_0080.npy,True
img_0081.npy,0.0,1.0,0.51014555,0.14998157,0,1,"(128, 128, 128)",/home/grva-mint/Projects/Falhas/Dataset/dataset_74/images/img_0081.npy,/home/grva-mint/Projects/Falhas/Dataset/dataset_74/masks/img_0081.npy,True
img_0082.npy,0.0,1.0,0.51117134,0.12029203,0,1,"(128, 128, 128)",/home/grva-mint/Projects/Falhas/Dataset/dataset_74/images/img_0082.npy,/home/grva-mint/Projects/Falhas/Dataset/dataset_74/masks/img_0082.npy,True
img_0083.npy,0.0,1.0,0.46743557,0.1404734,0,1,"(128, 128, 128)",/home/grva-mint/Projects/Falhas/Dataset/dataset_74/images/img_0083.npy,/home/grva-mint/Projects/Falhas/Dataset/dataset_74/masks/img_0083.npy,True
img_0084.npy,0.0,1.0,0.5100441,0.11583,0,1,"(128, 128, 128)",/home/grva-mint/Projects/Falhas/Dataset/dataset_74/images/img_0084.npy,/home/grva-mint/Projects/Falhas/Dataset/dataset_74/masks/img_0084.npy,True
img_0085.npy,0.0,1.0,0.51347756,0.10946609,0,1,"(128, 128, 128)",/home/grva-mint/Projects/Falhas/Dataset/dataset_74/images/img_0085.npy,/home/grva-mint/Projects/Falhas/Dataset/dataset_74/masks/img_0085.npy,True
img_0086.npy,0.0,1.0,0.4963961,0.10471159,0,1,"(128, 128, 128)",/home/grva-mint/Projects/Falhas/Dataset/dataset_74/images/img_0086.npy,/home/grva-mint/Projects/Falhas/Dataset/dataset_74/masks/img_0086.npy,True
img_0087.npy,0.0,1.0,0.5116049,0.10745668,0,1,"(128, 128, 128)",/home/grva-mint/Projects/Falhas/Dataset/dataset_74/images/img_0087.npy,/home/grva-mint/Projects/Falhas/Dataset/dataset_74/masks/img_0087.npy,True
img_0088.npy,0.0,1.0,0.5007983,0.12760484,0,1,"(128, 128, 128)",/home/grva-mint/Projects/Falhas/Dataset/dataset_74/images/img_0088.npy,/home/grva-mint/Projects/Falhas/Dataset/dataset_74/masks/img_0088.npy,True
img_0089.npy,0.0,1.0,0.48786867,0.13241503,0,1,"(128, 128, 128)",/home/grva-mint/Projects/Falhas/Dataset/dataset_74/images/img_0089.npy,/home/grva-mint/Projects/Falhas/Dataset/dataset_74/masks/img_0089.npy,True
img_0090.npy,0.0,1.0,0.48362026,0.14221963,0,1,"(128, 128, 128)",/home/grva-mint/Projects/Falhas/Dataset/dataset_74/images/img_0090.npy,/home/grva-mint/Projects/Falhas/Dataset/dataset_74/masks/img_0090.npy,True
img_0091.npy,0.0,1.0,0.50611097,0.15791346,0,1,"(128, 128, 128)",/home/grva-mint/Projects/Falhas/Dataset/dataset_74/images/img_0091.npy,/home/grva-mint/Projects/Falhas/Dataset/dataset_74/masks/img_0091.npy,True
img_0092.npy,0.0,1.0,0.49062744,0.15086567,0,1,"(128, 128, 128)",/home/grva-mint/Projects/Falhas/Dataset/dataset_74/images/img_0092.npy,/home/grva-mint/Projects/Falhas/Dataset/dataset_74/masks/img_0092.npy,True
img_0093.npy,0.0,1.0,0.5151282,0.16600658,0,1,"(128, 128, 128)",/home/grva-mint/Projects/Falhas/Dataset/dataset_74/images/img_0093.npy,/home/grva-mint/Projects/Falhas/Dataset/dataset_74/masks/img_0093.npy,True
img_0094.npy,0.0,1.0,0.46324286,0.13448776,0,1,"(128, 128, 128)",/home/grva-mint/Projects/Falhas/Dataset/dataset_74/images/img_0094.npy,/home/grva-mint/Projects/Falhas/Dataset/dataset_74/masks/img_0094.npy,True
img_0095.npy,0.0,1.0,0.5251114,0.11775107,0,1,"(128, 128, 128)",/home/grva-mint/Projects/Falhas/Dataset/dataset_74/images/img_0095.npy,/home/grva-mint/Projects/Falhas/Dataset/dataset_74/masks/img_0095.npy,True
img_0096.npy,0.0,1.0,0.5245587,0.1392221,0,1,"(128, 128, 128)",/home/grva-mint/Projects/Falhas/Dataset/dataset_74/images/img_0096.npy,/home/grva-mint/Projects/Falhas/Dataset/dataset_74/masks/img_0096.npy,True
img_0097.npy,0.0,1.0,0.50063753,0.106380045,0,1,"(128, 128, 128)",/home/grva-mint/Projects/Falhas/Dataset/dataset_74/images/img_0097.npy,/home/grva-mint/Projects/Falhas/Dataset/dataset_74/masks/img_0097.npy,True
img_0098.npy,0.0,1.0,0.52366465,0.14161114,0,1,"(128, 128, 128)",/home/grva-mint/Projects/Falhas/Dataset/dataset_74/images/img_0098.npy,/home/grva-mint/Projects/Falhas/Dataset/dataset_74/masks/img_0098.npy,True
img_0099.npy,0.0,1.0,0.52218044,0.13704604,0,1,"(128, 128, 128)",/home/grva-mint/Projects/Falhas/Dataset/dataset_74/images/img_0099.npy,/home/grva-mint/Projects/Falhas/Dataset/dataset_74/masks/img_0099.npy,True
img_0100.npy,0.0,1.0,0.50097376,0.11621988,0,1,"(128, 128, 128)",/home/grva-mint/Projects/Falhas/Dataset/dataset_74/images/img_0100.npy,/home/grva-mint/Projects/Falhas/Dataset/dataset_74/masks/img_0100.npy,True
img_0101.npy,0.0,1.0,0.4963096,0.12675984,0,1,"(128, 128, 128)",/home/grva-mint/Projects/Falhas/Dataset/dataset_74/images/img_0101.npy,/home/grva-mint/Projects/Falhas/Dataset/dataset_74/masks/img_0101.npy,True
img_0102.npy,0.0,1.0,0.5093654,0.11335065,0,1,"(128, 128, 128)",/home/grva-mint/Projects/Falhas/Dataset/dataset_74/images/img_0102.npy,/home/grva-mint/Projects/Falhas/Dataset/dataset_74/masks/img_0102.npy,True
img_0103.npy,0.0,1.0,0.55664057,0.12678541,0,1,"(128, 128, 128)",/home/grva-mint/Projects/Falhas/Dataset/dataset_74/images/img_0103.npy,/home/grva-mint/Projects/Falhas/Dataset/dataset_74/masks/img_0103.npy,True
img_0104.npy,0.0,1.0,0.4521475,0.15293017,0,1,"(128, 128, 128)",/home/grva-mint/Projects/Falhas/Dataset/dataset_74/images/img_0104.npy,/home/grva-mint/Projects/Falhas/Dataset/dataset_74/masks/img_0104.npy,True
img_0105.npy,0.0,1.0,0.4874004,0.11233499,0,1,"(128, 128, 128)",/home/grva-mint/Projects/Falhas/Dataset/dataset_74/images/img_0105.npy,/home/grva-mint/Projects/Falhas/Dataset/dataset_74/masks/img_0105.npy,True
img_0106.npy,0.0,1.0,0.5296625,0.13882646,0,1,"(128, 128, 128)",/home/grva-mint/Projects/Falhas/Dataset/dataset_74/images/img_0106.npy,/home/grva-mint/Projects/Falhas/Dataset/dataset_74/masks/img_0106.npy,True
img_0107.npy,0.0,1.0,0.5590805,0.12689818,0,1,"(128, 128, 128)",/home/grva-mint/Projects/Falhas/Dataset/dataset_74/images/img_0107.npy,/home/grva-mint/Projects/Falhas/Dataset/dataset_74/masks/img_0107.npy,True
img_0108.npy,0.0,1.0,0.48124066,0.15259479,0,1,"(128, 128, 128)",/home/grva-mint/Projects/Falhas/Dataset/dataset_74/images/img_0108.npy,/home/grva-mint/Projects/Falhas/Dataset/dataset_74/masks/img_0108.npy,True
img_0109.npy,0.0,1.0,0.45806074,0.11471286,0,1,"(128, 128, 128)",/home/grva-mint/Projects/Falhas/Dataset/dataset_74/images/img_0109.npy,/home/grva-mint/Projects/Falhas/Dataset/dataset_74/masks/img_0109.npy,True
img_0110.npy,0.0,1.0,0.48307922,0.12946068,0,1,"(128, 128, 128)",/home/grva-mint/Projects/Falhas/Dataset/dataset_74/images/img_0110.npy,/home/grva-mint/Projects/Falhas/Dataset/dataset_74/masks/img_0110.npy,True
img_0111.npy,0.0,1.0,0.5065693,0.11178603,0,1,"(128, 128, 128)",/home/grva-mint/Projects/Falhas/Dataset/dataset_74/images/img_0111.npy,/home/grva-mint/Projects/Falhas/Dataset/dataset_74/masks/img_0111.npy,True
img_0112.npy,0.0,1.0,0.49541736,0.14268978,0,1,"(128, 128, 128)",/home/grva-mint/Projects/Falhas/Dataset/dataset_74/images/img_0112.npy,/home/grva-mint/Projects/Falhas/Dataset/dataset_74/masks/img_0112.npy,True
img_0113.npy,0.0,1.0,0.4969301,0.1141798,0,1,"(128, 128, 128)",/home/grva-mint/Projects/Falhas/Dataset/dataset_74/images/img_0113.npy,/home/grva-mint/Projects/Falhas/Dataset/dataset_74/masks/img_0113.npy,True
img_0114.npy,0.0,1.0,0.46961015,0.10905818,0,1,"(128, 128, 128)",/home/grva-mint/Projects/Falhas/Dataset/dataset_74/images/img_0114.npy,/home/grva-mint/Projects/Falhas/Dataset/dataset_74/masks/img_0114.npy,True
img_0115.npy,0.0,1.0,0.50497705,0.15103696,0,1,"(128, 128, 128)",/home/grva-mint/Projects/Falhas/Dataset/dataset_74/images/img_0115.npy,/home/grva-mint/Projects/Falhas/Dataset/dataset_74/masks/img_0115.npy,True
img_0116.npy,0.0,1.0,0.51554877,0.14730704,0,1,"(128, 128, 128)",/home/grva-mint/Projects/Falhas/Dataset/dataset_74/images/img_0116.npy,/home/grva-mint/Projects/Falhas/Dataset/dataset_74/masks/img_0116.npy,True
img_0117.npy,0.0,1.0,0.49501854,0.13198261,0,1,"(128, 128, 128)",/home/grva-mint/Projects/Falhas/Dataset/dataset_74/images/img_0117.npy,/home/grva-mint/Projects/Falhas/Dataset/dataset_74/masks/img_0117.npy,True
img_0118.npy,0.0,1.0,0.46611533,0.15377429,0,1,"(128, 128, 128)",/home/grva-mint/Projects/Falhas/Dataset/dataset_74/images/img_0118.npy,/home/grva-mint/Projects/Falhas/Dataset/dataset_74/masks/img_0118.npy,True
img_0119.npy,0.0,1.0,0.52844036,0.17879349,0,1,"(128, 128, 128)",/home/grva-mint/Projects/Falhas/Dataset/dataset_74/images/img_0119.npy,/home/grva-mint/Projects/Falhas/Dataset/dataset_74/masks/img_0119.npy,True
img_0120.npy,0.0,1.0,0.4905879,0.13755623,0,1,"(128, 128, 128)",/home/grva-mint/Projects/Falhas/Dataset/dataset_74/images/img_0120.npy,/home/grva-mint/Projects/Falhas/Dataset/dataset_74/masks/img_0120.npy,True
img_0121.npy,0.0,1.0,0.5010668,0.10592689,0,1,"(128, 128, 128)",/home/grva-mint/Projects/Falhas/Dataset/dataset_74/images/img_0121.npy,/home/grva-mint/Projects/Falhas/Dataset/dataset_74/masks/img_0121.npy,True
img_0122.npy,0.0,1.0,0.53493595,0.12883048,0,1,"(128, 128, 128)",/home/grva-mint/Projects/Falhas/Dataset/dataset_74/images/img_0122.npy,/home/grva-mint/Projects/Falhas/Dataset/dataset_74/masks/img_0122.npy,True
img_0123.npy,0.0,1.0,0.47316992,0.150764,0,1,"(128, 128, 128)",/home/grva-mint/Projects/Falhas/Dataset/dataset_74/images/img_0123.npy,/home/grva-mint/Projects/Falhas/Dataset/dataset_74/masks/img_0123.npy,True
img_0124.npy,0.0,1.0,0.4774869,0.13072583,0,1,"(128, 128, 128)",/home/grva-mint/Projects/Falhas/Dataset/dataset_74/images/img_0124.npy,/home/grva-mint/Projects/Falhas/Dataset/dataset_74/masks/img_0124.npy,True
img_0125.npy,0.0,1.0,0.47260055,0.12804432,0,1,"(128, 128, 128)",/home/grva-mint/Projects/Falhas/Dataset/dataset_74/images/img_0125.npy,/home/grva-mint/Projects/Falhas/Dataset/dataset_74/masks/img_0125.npy,True
img_0126.npy,0.0,1.0,0.4981525,0.12877242,0,1,"(128, 128, 128)",/home/grva-mint/Projects/Falhas/Dataset/dataset_74/images/img_0126.npy,/home/grva-mint/Projects/Falhas/Dataset/dataset_74/masks/img_0126.npy,True
img_0127.npy,0.0,1.0,0.52189,0.11592401,0,1,"(128, 128, 128)",/home/grva-mint/Projects/Falhas/Dataset/dataset_74/images/img_0127.npy,/home/grva-mint/Projects/Falhas/Dataset/dataset_74/masks/img_0127.npy,True
img_0128.npy,0.0,1.0,0.5440416,0.11633842,0,1,"(128, 128, 128)",/home/grva-mint/Projects/Falhas/Dataset/dataset_74/images/img_0128.npy,/home/grva-mint/Projects/Falhas/Dataset/dataset_74/masks/img_0128.npy,True
img_0129.npy,0.0,1.0,0.47291088,0.12604888,0,1,"(128, 128, 128)",/home/grva-mint/Projects/Falhas/Dataset/dataset_74/images/img_0129.npy,/home/grva-mint/Projects/Falhas/Dataset/dataset_74/masks/img_0129.npy,True
img_0130.npy,0.0,1.0,0.5075369,0.14017084,0,1,"(128, 128, 128)",/home/grva-mint/Projects/Falhas/Dataset/dataset_74/images/img_0130.npy,/home/grva-mint/Projects/Falhas/Dataset/dataset_74/masks/img_0130.npy,True
img_0131.npy,0.0,1.0,0.47421306,0.11244879,0,1,"(128, 128, 128)",/home/grva-mint/Projects/Falhas/Dataset/dataset_74/images/img_0131.npy,/home/grva-mint/Projects/Falhas/Dataset/dataset_74/masks/img_0131.npy,True
img_0132.npy,0.0,1.0,0.5373476,0.11343697,0,1,"(128, 128, 128)",/home/grva-mint/Projects/Falhas/Dataset/dataset_74/images/img_0132.npy,/home/grva-mint/Projects/Falhas/Dataset/dataset_74/masks/img_0132.npy,True
img_0133.npy,0.0,1.0,0.48649293,0.10329965,0,1,"(128, 128, 128)",/home/grva-mint/Projects/Falhas/Dataset/dataset_74/images/img_0133.npy,/home/grva-mint/Projects/Falhas/Dataset/dataset_74/masks/img_0133.npy,True
img_0134.npy,0.0,1.0,0.51298547,0.113614075,0,1,"(128, 128, 128)",/home/grva-mint/Projects/Falhas/Dataset/dataset_74/images/img_0134.npy,/home/grva-mint/Projects/Falhas/Dataset/dataset_74/masks/img_0134.npy,True
img_0135.npy,0.0,1.0,0.4909058,0.1410862,0,1,"(128, 128, 128)",/home/grva-mint/Projects/Falhas/Dataset/dataset_74/images/img_0135.npy,/home/grva-mint/Projects/Falhas/Dataset/dataset_74/masks/img_0135.npy,True
img_0136.npy,0.0,1.0,0.49918804,0.14534801,0,1,"(128, 128, 128)",/home/grva-mint/Projects/Falhas/Dataset/dataset_74/images/img_0136.npy,/home/grva-mint/Projects/Falhas/Dataset/dataset_74/masks/img_0136.npy,True
img_0137.npy,0.0,1.0,0.4650756,0.1311105,0,1,"(128, 128, 128)",/home/grva-mint/Projects/Falhas/Dataset/dataset_74/images/img_0137.npy,/home/grva-mint/Projects/Falhas/Dataset/dataset_74/masks/img_0137.npy,True
img_0138.npy,0.0,1.0,0.50806934,0.11581352,0,1,"(128, 128, 128)",/home/grva-mint/Projects/Falhas/Dataset/dataset_74/images/img_0138.npy,/home/grva-mint/Projects/Falhas/Dataset/dataset_74/masks/img_0138.npy,True
img_0139.npy,0.0,1.0,0.5174058,0.120355636,0,1,"(128, 128, 128)",/home/grva-mint/Projects/Falhas/Dataset/dataset_74/images/img_0139.npy,/home/grva-mint/Projects/Falhas/Dataset/dataset_74/masks/img_0139.npy,True
img_0140.npy,0.0,1.0,0.49441358,0.1365918,0,1,"(128, 128, 128)",/home/grva-mint/Projects/Falhas/Dataset/dataset_74/images/img_0140.npy,/home/grva-mint/Projects/Falhas/Dataset/dataset_74/masks/img_0140.npy,True
img_0141.npy,0.0,1.0,0.48198655,0.11993864,0,1,"(128, 128, 128)",/home/grva-mint/Projects/Falhas/Dataset/dataset_74/images/img_0141.npy,/home/grva-mint/Projects/Falhas/Dataset/dataset_74/masks/img_0141.npy,True
img_0142.npy,0.0,1.0,0.5008161,0.13569252,0,1,"(128, 128, 128)",/home/grva-mint/Projects/Falhas/Dataset/dataset_74/images/img_0142.npy,/home/grva-mint/Projects/Falhas/Dataset/dataset_74/masks/img_0142.npy,True
img_0143.npy,0.0,1.0,0.5076277,0.11978049,0,1,"(128, 128, 128)",/home/grva-mint/Projects/Falhas/Dataset/dataset_74/images/img_0143.npy,/home/grva-mint/Projects/Falhas/Dataset/dataset_74/masks/img_0143.npy,True
img_0144.npy,0.0,1.0,0.48790556,0.106063746,0,1,"(128, 128, 128)",/home/grva-mint/Projects/Falhas/Dataset/dataset_74/images/img_0144.npy,/home/grva-mint/Projects/Falhas/Dataset/dataset_74/masks/img_0144.npy,True
img_0145.npy,0.0,1.0,0.50718695,0.1471858,0,1,"(128, 128, 128)",/home/grva-mint/Projects/Falhas/Dataset/dataset_74/images/img_0145.npy,/home/grva-mint/Projects/Falhas/Dataset/dataset_74/masks/img_0145.npy,True
img_0146.npy,0.0,1.0,0.4623432,0.11557128,0,1,"(128, 128, 128)",/home/grva-mint/Projects/Falhas/Dataset/dataset_74/images/img_0146.npy,/home/grva-mint/Projects/Falhas/Dataset/dataset_74/masks/img_0146.npy,True
img_0147.npy,0.0,1.0,0.48875046,0.10880686,0,1,"(128, 128, 128)",/home/grva-mint/Projects/Falhas/Dataset/dataset_74/images/img_0147.npy,/home/grva-mint/Projects/Falhas/Dataset/dataset_74/masks/img_0147.npy,True
img_0148.npy,0.0,1.0,0.54127735,0.09516836,0,1,"(128, 128, 128)",/home/grva-mint/Projects/Falhas/Dataset/dataset_74/images/img_0148.npy,/home/grva-mint/Projects/Falhas/Dataset/dataset_74/masks/img_0148.npy,True
img_0149.npy,0.0,1.0,0.49644396,0.105605185,0,1,"(128, 128, 128)",/home/grva-mint/Projects/Falhas/Dataset/dataset_74/images/img_0149.npy,/home/grva-mint/Projects/Falhas/Dataset/dataset_74/masks/img_0149.npy,True
img_0150.npy,0.0,1.0,0.4834596,0.12645927,0,1,"(128, 128, 128)",/home/grva-mint/Projects/Falhas/Dataset/dataset_74/images/img_0150.npy,/home/grva-mint/Projects/Falhas/Dataset/dataset_74/masks/img_0150.npy,True
img_0151.npy,0.0,1.0,0.48779273,0.1396278,0,1,"(128, 128, 128)",/home/grva-mint/Projects/Falhas/Dataset/dataset_74/images/img_0151.npy,/home/grva-mint/Projects/Falhas/Dataset/dataset_74/masks/img_0151.npy,True
img_0152.npy,0.0,1.0,0.4887375,0.14052802,0,1,"(128, 128, 128)",/home/grva-mint/Projects/Falhas/Dataset/dataset_74/images/img_0152.npy,/home/grva-mint/Projects/Falhas/Dataset/dataset_74/masks/img_0152.npy,True
img_0153.npy,0.0,1.0,0.51092184,0.14566949,0,1,"(128, 128, 128)",/home/grva-mint/Projects/Falhas/Dataset/dataset_74/images/img_0153.npy,/home/grva-mint/Projects/Falhas/Dataset/dataset_74/masks/img_0153.npy,True
img_0154.npy,0.0,1.0,0.47871104,0.13502268,0,1,"(128, 128, 128)",/home/grva-mint/Projects/Falhas/Dataset/dataset_74/images/img_0154.npy,/home/grva-mint/Projects/Falhas/Dataset/dataset_74/masks/img_0154.npy,True
img_0155.npy,0.0,1.0,0.48503876,0.114030786,0,1,"(128, 128, 128)",/home/grva-mint/Projects/Falhas/Dataset/dataset_74/images/img_0155.npy,/home/grva-mint/Projects/Falhas/Dataset/dataset_74/masks/img_0155.npy,True
img_0156.npy,0.0,1.0,0.482307,0.13382164,0,1,"(128, 128, 128)",/home/grva-mint/Projects/Falhas/Dataset/dataset_74/images/img_0156.npy,/home/grva-mint/Projects/Falhas/Dataset/dataset_74/masks/img_0156.npy,True
img_0157.npy,0.0,1.0,0.52263254,0.10759356,0,1,"(128, 128, 128)",/home/grva-mint/Projects/Falhas/Dataset/dataset_74/images/img_0157.npy,/home/grva-mint/Projects/Falhas/Dataset/dataset_74/masks/img_0157.npy,True
img_0158.npy,0.0,1.0,0.49518755,0.12286472,0,1,"(128, 128, 128)",/home/grva-mint/Projects/Falhas/Dataset/dataset_74/images/img_0158.npy,/home/grva-mint/Projects/Falhas/Dataset/dataset_74/masks/img_0158.npy,True
img_0159.npy,0.0,1.0,0.53121585,0.13372594,0,1,"(128, 128, 128)",/home/grva-mint/Projects/Falhas/Dataset/dataset_74/images/img_0159.npy,/home/grva-mint/Projects/Falhas/Dataset/dataset_74/masks/img_0159.npy,True
img_0160.npy,0.0,1.0,0.5017036,0.12853485,0,1,"(128, 128, 128)",/home/grva-mint/Projects/Falhas/Dataset/dataset_74/images/img_0160.npy,/home/grva-mint/Projects/Falhas/Dataset/dataset_74/masks/img_0160.npy,True
img_0161.npy,0.0,1.0,0.52586675,0.12709284,0,1,"(128, 128, 128)",/home/grva-mint/Projects/Falhas/Dataset/dataset_74/images/img_0161.npy,/home/grva-mint/Projects/Falhas/Dataset/dataset_74/masks/img_0161.npy,True
img_0162.npy,0.0,1.0,0.51944417,0.11309568,0,1,"(128, 128, 128)",/home/grva-mint/Projects/Falhas/Dataset/dataset_74/images/img_0162.npy,/home/grva-mint/Projects/Falhas/Dataset/dataset_74/masks/img_0162.npy,True
img_0163.npy,0.0,1.0,0.5170384,0.10739573,0,1,"(128, 128, 128)",/home/grva-mint/Projects/Falhas/Dataset/dataset_74/images/img_0163.npy,/home/grva-mint/Projects/Falhas/Dataset/dataset_74/masks/img_0163.npy,True
img_0164.npy,0.0,1.0,0.5096333,0.11588299,0,1,"(128, 128, 128)",/home/grva-mint/Projects/Falhas/Dataset/dataset_74/images/img_0164.npy,/home/grva-mint/Projects/Falhas/Dataset/dataset_74/masks/img_0164.npy,True
img_0165.npy,0.0,1.0,0.56827044,0.103018254,0,1,"(128, 128, 128)",/home/grva-mint/Projects/Falhas/Dataset/dataset_74/images/img_0165.npy,/home/grva-mint/Projects/Falhas/Dataset/dataset_74/masks/img_0165.npy,True
img_0166.npy,0.0,1.0,0.50628024,0.13656938,0,1,"(128, 128, 128)",/home/grva-mint/Projects/Falhas/Dataset/dataset_74/images/img_0166.npy,/home/grva-mint/Projects/Falhas/Dataset/dataset_74/masks/img_0166.npy,True
img_0167.npy,0.0,1.0,0.49622074,0.119712405,0,1,"(128, 128, 128)",/home/grva-mint/Projects/Falhas/Dataset/dataset_74/images/img_0167.npy,/home/grva-mint/Projects/Falhas/Dataset/dataset_74/masks/img_0167.npy,True
img_0168.npy,0.0,1.0,0.53586614,0.13516857,0,1,"(128, 128, 128)",/home/grva-mint/Projects/Falhas/Dataset/dataset_74/images/img_0168.npy,/home/grva-mint/Projects/Falhas/Dataset/dataset_74/masks/img_0168.npy,True
img_0169.npy,0.0,1.0,0.49115607,0.11674799,0,1,"(128, 128, 128)",/home/grva-mint/Projects/Falhas/Dataset/dataset_74/images/img_0169.npy,/home/grva-mint/Projects/Falhas/Dataset/dataset_74/masks/img_0169.npy,True
img_0170.npy,0.0,1.0,0.4540233,0.117084965,0,1,"(128, 128, 128)",/home/grva-mint/Projects/Falhas/Dataset/dataset_74/images/img_0170.npy,/home/grva-mint/Projects/Falhas/Dataset/dataset_74/masks/img_0170.npy,True
img_0171.npy,0.0,1.0,0.55072206,0.1291681,0,1,"(128, 128, 128)",/home/grva-mint/Projects/Falhas/Dataset/dataset_74/images/img_0171.npy,/home/grva-mint/Projects/Falhas/Dataset/dataset_74/masks/img_0171.npy,True
img_0172.npy,0.0,1.0,0.5185073,0.124716334,0,1,"(128, 128, 128)",/home/grva-mint/Projects/Falhas/Dataset/dataset_74/images/img_0172.npy,/home/grva-mint/Projects/Falhas/Dataset/dataset_74/masks/img_0172.npy,True
img_0173.npy,0.0,1.0,0.5365676,0.13629818,0,1,"(128, 128, 128)",/home/grva-mint/Projects/Falhas/Dataset/dataset_74/images/img_0173.npy,/home/grva-mint/Projects/Falhas/Dataset/dataset_74/masks/img_0173.npy,True
img_0174.npy,0.0,1.0,0.49054205,0.10761831,0,1,"(128, 128, 128)",/home/grva-mint/Projects/Falhas/Dataset/dataset_74/images/img_0174.npy,/home/grva-mint/Projects/Falhas/Dataset/dataset_74/masks/img_0174.npy,True
img_0175.npy,0.0,1.0,0.47757965,0.12132087,0,1,"(128, 128, 128)",/home/grva-mint/Projects/Falhas/Dataset/dataset_74/images/img_0175.npy,/home/grva-mint/Projects/Falhas/Dataset/dataset_74/masks/img_0175.npy,True
img_0176.npy,0.0,1.0,0.5132595,0.1381896,0,1,"(128, 128, 128)",/home/grva-mint/Projects/Falhas/Dataset/dataset_74/images/img_0176.npy,/home/grva-mint/Projects/Falhas/Dataset/dataset_74/masks/img_0176.npy,True
img_0177.npy,0.0,1.0,0.5059902,0.14646317,0,1,"(128, 128, 128)",/home/grva-mint/Projects/Falhas/Dataset/dataset_74/images/img_0177.npy,/home/grva-mint/Projects/Falhas/Dataset/dataset_74/masks/img_0177.npy,True
img_0178.npy,0.0,1.0,0.5429364,0.12281258,0,1,"(128, 128, 128)",/home/grva-mint/Projects/Falhas/Dataset/dataset_74/images/img_0178.npy,/home/grva-mint/Projects/Falhas/Dataset/dataset_74/masks/img_0178.npy,True
img_0179.npy,0.0,1.0,0.44742078,0.14824389,0,1,"(128, 128, 128)",/home/grva-mint/Projects/Falhas/Dataset/dataset_74/images/img_0179.npy,/home/grva-mint/Projects/Falhas/Dataset/dataset_74/masks/img_0179.npy,True
img_0180.npy,0.0,1.0,0.5119982,0.12334133,0,1,"(128, 128, 128)",/home/grva-mint/Projects/Falhas/Dataset/dataset_74/images/img_0180.npy,/home/grva-mint/Projects/Falhas/Dataset/dataset_74/masks/img_0180.npy,True
img_0181.npy,0.0,1.0,0.48344335,0.15854195,0,1,"(128, 128, 128)",/home/grva-mint/Projects/Falhas/Dataset/dataset_74/images/img_0181.npy,/home/grva-mint/Projects/Falhas/Dataset/dataset_74/masks/img_0181.npy,True
img_0182.npy,0.0,1.0,0.48315418,0.121335596,0,1,"(128, 128, 128)",/home/grva-mint/Projects/Falhas/Dataset/dataset_74/images/img_0182.npy,/home/grva-mint/Projects/Falhas/Dataset/dataset_74/masks/img_0182.npy,True
img_0183.npy,0.0,1.0,0.49099874,0.12864758,0,1,"(128, 128, 128)",/home/grva-mint/Projects/Falhas/Dataset/dataset_74/images/img_0183.npy,/home/grva-mint/Projects/Falhas/Dataset/dataset_74/masks/img_0183.npy,True
img_0184.npy,0.0,1.0,0.49211955,0.12769917,0,1,"(128, 128, 128)",/home/grva-mint/Projects/Falhas/Dataset/dataset_74/images/img_0184.npy,/home/grva-mint/Projects/Falhas/Dataset/dataset_74/masks/img_0184.npy,True
img_0185.npy,0.0,1.0,0.5171051,0.12119034,0,1,"(128, 128, 128)",/home/grva-mint/Projects/Falhas/Dataset/dataset_74/images/img_0185.npy,/home/grva-mint/Projects/Falhas/Dataset/dataset_74/masks/img_0185.npy,True
img_0186.npy,0.0,1.0,0.5076406,0.096160166,0,1,"(128, 128, 128)",/home/grva-mint/Projects/Falhas/Dataset/dataset_74/images/img_0186.npy,/home/grva-mint/Projects/Falhas/Dataset/dataset_74/masks/img_0186.npy,True
img_0187.npy,0.0,1.0,0.50195414,0.14446989,0,1,"(128, 128, 128)",/home/grva-mint/Projects/Falhas/Dataset/dataset_74/images/img_0187.npy,/home/grva-mint/Projects/Falhas/Dataset/dataset_74/masks/img_0187.npy,True
img_0188.npy,0.0,1.0,0.45593995,0.12718582,0,1,"(128, 128, 128)",/home/grva-mint/Projects/Falhas/Dataset/dataset_74/images/img_0188.npy,/home/grva-mint/Projects/Falhas/Dataset/dataset_74/masks/img_0188.npy,True
img_0189.npy,0.0,1.0,0.5223689,0.1188429,0,1,"(128, 128, 128)",/home/grva-mint/Projects/Falhas/Dataset/dataset_74/images/img_0189.npy,/home/grva-mint/Projects/Falhas/Dataset/dataset_74/masks/img_0189.npy,True
img_0190.npy,0.0,1.0,0.50915277,0.1772149,0,1,"(128, 128, 128)",/home/grva-mint/Projects/Falhas/Dataset/dataset_74/images/img_0190.npy,/home/grva-mint/Projects/Falhas/Dataset/dataset_74/masks/img_0190.npy,True
img_0191.npy,0.0,1.0,0.46356475,0.12576415,0,1,"(128, 128, 128)",/home/grva-mint/Projects/Falhas/Dataset/dataset_74/images/img_0191.npy,/home/grva-mint/Projects/Falhas/Dataset/dataset_74/masks/img_0191.npy,True
img_0192.npy,0.0,1.0,0.5206697,0.13660944,0,1,"(128, 128, 128)",/home/grva-mint/Projects/Falhas/Dataset/dataset_74/images/img_0192.npy,/home/grva-mint/Projects/Falhas/Dataset/dataset_74/masks/img_0192.npy,True
img_0193.npy,0.0,1.0,0.4502906,0.11018045,0,1,"(128, 128, 128)",/home/grva-mint/Projects/Falhas/Dataset/dataset_74/images/img_0193.npy,/home/grva-mint/Projects/Falhas/Dataset/dataset_74/masks/img_0193.npy,True
img_0194.npy,0.0,1.0,0.5059724,0.12158401,0,1,"(128, 128, 128)",/home/grva-mint/Projects/Falhas/Dataset/dataset_74/images/img_0194.npy,/home/grva-mint/Projects/Falhas/Dataset/dataset_74/masks/img_0194.npy,True
img_0195.npy,0.0,1.0,0.5058203,0.15238409,0,1,"(128, 128, 128)",/home/grva-mint/Projects/Falhas/Dataset/dataset_74/images/img_0195.npy,/home/grva-mint/Projects/Falhas/Dataset/dataset_74/masks/img_0195.npy,True
img_0196.npy,0.0,1.0,0.5323332,0.10124442,0,1,"(128, 128, 128)",/home/grva-mint/Projects/Falhas/Dataset/dataset_74/images/img_0196.npy,/home/grva-mint/Projects/Falhas/Dataset/dataset_74/masks/img_0196.npy,True
img_0197.npy,0.0,1.0,0.5073122,0.12734504,0,1,"(128, 128, 128)",/home/grva-mint/Projects/Falhas/Dataset/dataset_74/images/img_0197.npy,/home/grva-mint/Projects/Falhas/Dataset/dataset_74/masks/img_0197.npy,True
img_0198.npy,0.0,1.0,0.48269048,0.124877445,0,1,"(128, 128, 128)",/home/grva-mint/Projects/Falhas/Dataset/dataset_74/images/img_0198.npy,/home/grva-mint/Projects/Falhas/Dataset/dataset_74/masks/img_0198.npy,True
img_0199.npy,0.0,1.0,0.50395614,0.12151869,0,1,"(128, 128, 128)",/home/grva-mint/Projects/Falhas/Dataset/dataset_74/images/img_0199.npy,/home/grva-mint/Projects/Falhas/Dataset/dataset_74/masks/img_0199.npy,True
img_0200.npy,0.0,1.0,0.51184124,0.11536769,0,1,"(128, 128, 128)",/home/grva-mint/Projects/Falhas/Dataset/dataset_74/images/img_0200.npy,/home/grva-mint/Projects/Falhas/Dataset/dataset_74/masks/img_0200.npy,True
img_0201.npy,0.0,1.0,0.5012351,0.13607077,0,1,"(128, 128, 128)",/home/grva-mint/Projects/Falhas/Dataset/dataset_74/images/img_0201.npy,/home/grva-mint/Projects/Falhas/Dataset/dataset_74/masks/img_0201.npy,True
img_0202.npy,0.0,1.0,0.538667,0.12499824,0,1,"(128, 128, 128)",/home/grva-mint/Projects/Falhas/Dataset/dataset_74/images/img_0202.npy,/home/grva-mint/Projects/Falhas/Dataset/dataset_74/masks/img_0202.npy,True
img_0203.npy,0.0,1.0,0.47281626,0.13228372,0,1,"(128, 128, 128)",/home/grva-mint/Projects/Falhas/Dataset/dataset_74/images/img_0203.npy,/home/grva-mint/Projects/Falhas/Dataset/dataset_74/masks/img_0203.npy,True
img_0204.npy,0.0,1.0,0.5113645,0.1202569,0,1,"(128, 128, 128)",/home/grva-mint/Projects/Falhas/Dataset/dataset_74/images/img_0204.npy,/home/grva-mint/Projects/Falhas/Dataset/dataset_74/masks/img_0204.npy,True
img_0205.npy,0.0,1.0,0.5027174,0.13343886,0,1,"(128, 128, 128)",/home/grva-mint/Projects/Falhas/Dataset/dataset_74/images/img_0205.npy,/home/grva-mint/Projects/Falhas/Dataset/dataset_74/masks/img_0205.npy,True
img_0206.npy,0.0,1.0,0.53469133,0.1406994,0,1,"(128, 128, 128)",/home/grva-mint/Projects/Falhas/Dataset/dataset_74/images/img_0206.npy,/home/grva-mint/Projects/Falhas/Dataset/dataset_74/masks/img_0206.npy,True
img_0207.npy,0.0,1.0,0.5096369,0.12712656,0,1,"(128, 128, 128)",/home/grva-mint/Projects/Falhas/Dataset/dataset_74/images/img_0207.npy,/home/grva-mint/Projects/Falhas/Dataset/dataset_74/masks/img_0207.npy,True
img_0208.npy,0.0,1.0,0.4702428,0.10457254,0,1,"(128, 128, 128)",/home/grva-mint/Projects/Falhas/Dataset/dataset_74/images/img_0208.npy,/home/grva-mint/Projects/Falhas/Dataset/dataset_74/masks/img_0208.npy,True
img_0209.npy,0.0,1.0,0.48515993,0.07673673,0,1,"(128, 128, 128)",/home/grva-mint/Projects/Falhas/Dataset/dataset_74/images/img_0209.npy,/home/grva-mint/Projects/Falhas/Dataset/dataset_74/masks/img_0209.npy,True
img_0210.npy,0.0,1.0,0.526937,0.099862896,0,1,"(128, 128, 128)",/home/grva-mint/Projects/Falhas/Dataset/dataset_74/images/img_0210.npy,/home/grva-mint/Projects/Falhas/Dataset/dataset_74/masks/img_0210.npy,True
img_0211.npy,0.0,1.0,0.51649,0.12791373,0,1,"(128, 128, 128)",/home/grva-mint/Projects/Falhas/Dataset/dataset_74/images/img_0211.npy,/home/grva-mint/Projects/Falhas/Dataset/dataset_74/masks/img_0211.npy,True
img_0212.npy,0.0,1.0,0.5242024,0.12126068,0,1,"(128, 128, 128)",/home/grva-mint/Projects/Falhas/Dataset/dataset_74/images/img_0212.npy,/home/grva-mint/Projects/Falhas/Dataset/dataset_74/masks/img_0212.npy,True
img_0213.npy,0.0,1.0,0.5254974,0.14478078,0,1,"(128, 128, 128)",/home/grva-mint/Projects/Falhas/Dataset/dataset_74/images/img_0213.npy,/home/grva-mint/Projects/Falhas/Dataset/dataset_74/masks/img_0213.npy,True
img_0214.npy,0.0,1.0,0.5474131,0.10840496,0,1,"(128, 128, 128)",/home/grva-mint/Projects/Falhas/Dataset/dataset_74/images/img_0214.npy,/home/grva-mint/Projects/Falhas/Dataset/dataset_74/masks/img_0214.npy,True
img_0215.npy,0.0,1.0,0.52156895,0.15079546,0,1,"(128, 128, 128)",/home/grva-mint/Projects/Falhas/Dataset/dataset_74/images/img_0215.npy,/home/grva-mint/Projects/Falhas/Dataset/dataset_74/masks/img_0215.npy,True
img_0216.npy,0.0,1.0,0.47071517,0.13274097,0,1,"(128, 128, 128)",/home/grva-mint/Projects/Falhas/Dataset/dataset_74/images/img_0216.npy,/home/grva-mint/Projects/Falhas/Dataset/dataset_74/masks/img_0216.npy,True
img_0217.npy,0.0,1.0,0.50553924,0.117532514,0,1,"(128, 128, 128)",/home/grva-mint/Projects/Falhas/Dataset/dataset_74/images/img_0217.npy,/home/grva-mint/Projects/Falhas/Dataset/dataset_74/masks/img_0217.npy,True
img_0218.npy,0.0,1.0,0.4696165,0.1017978,0,1,"(128, 128, 128)",/home/grva-mint/Projects/Falhas/Dataset/dataset_74/images/img_0218.npy,/home/grva-mint/Projects/Falhas/Dataset/dataset_74/masks/img_0218.npy,True
img_0219.npy,0.0,1.0,0.4435727,0.1397955,0,1,"(128, 128, 128)",/home/grva-mint/Projects/Falhas/Dataset/dataset_74/images/img_0219.npy,/home/grva-mint/Projects/Falhas/Dataset/dataset_74/masks/img_0219.npy,True
