id,img_min,img_max,img_mean,img_std,msk_min,msk_max,shape,img_path,mask_path
img_0000.npy,0.0,1.0,0.4982322,0.20905231,0,1,"(128, 128, 128)",/media/grva-mintcave/BACKUP/marlim_faults/KlaussModel/Falhas/Searcher/Dataset/dataset_synthetic/images/img_0000.npy,/media/grva-mintcave/BACKUP/marlim_faults/KlaussModel/Falhas/Searcher/Dataset/dataset_synthetic/masks/img_0000.npy
img_0001.npy,0.0,1.0,0.4968119,0.21084255,0,1,"(128, 128, 128)",/media/grva-mintcave/BACKUP/marlim_faults/KlaussModel/Falhas/Searcher/Dataset/dataset_synthetic/images/img_0001.npy,/media/grva-mintcave/BACKUP/marlim_faults/KlaussModel/Falhas/Searcher/Dataset/dataset_synthetic/masks/img_0001.npy
img_0002.npy,0.0,1.0,0.49744967,0.2125236,0,1,"(128, 128, 128)",/media/grva-mintcave/BACKUP/marlim_faults/KlaussModel/Falhas/Searcher/Dataset/dataset_synthetic/images/img_0002.npy,/media/grva-mintcave/BACKUP/marlim_faults/KlaussModel/Falhas/Searcher/Dataset/dataset_synthetic/masks/img_0002.npy
img_0003.npy,0.0,1.0,0.49758965,0.21229753,0,1,"(128, 128, 128)",/media/grva-mintcave/BACKUP/marlim_faults/KlaussModel/Falhas/Searcher/Dataset/dataset_synthetic/images/img_0003.npy,/media/grva-mintcave/BACKUP/marlim_faults/KlaussModel/Falhas/Searcher/Dataset/dataset_synthetic/masks/img_0003.npy
img_0004.npy,0.0,1.0,0.49855435,0.20536985,0,1,"(128, 128, 128)",/media/grva-mintcave/BACKUP/marlim_faults/KlaussModel/Falhas/Searcher/Dataset/dataset_synthetic/images/img_0004.npy,/media/grva-mintcave/BACKUP/marlim_faults/KlaussModel/Falhas/Searcher/Dataset/dataset_synthetic/masks/img_0004.npy
img_0005.npy,0.0,1.0,0.49817306,0.21019615,0,1,"(128, 128, 128)",/media/grva-mintcave/BACKUP/marlim_faults/KlaussModel/Falhas/Searcher/Dataset/dataset_synthetic/images/img_0005.npy,/media/grva-mintcave/BACKUP/marlim_faults/KlaussModel/Falhas/Searcher/Dataset/dataset_synthetic/masks/img_0005.npy
img_0006.npy,0.0,1.0,0.49696153,0.20910712,0,1,"(128, 128, 128)",/media/grva-mintcave/BACKUP/marlim_faults/KlaussModel/Falhas/Searcher/Dataset/dataset_synthetic/images/img_0006.npy,/media/grva-mintcave/BACKUP/marlim_faults/KlaussModel/Falhas/Searcher/Dataset/dataset_synthetic/masks/img_0006.npy
img_0007.npy,0.0,1.0,0.50204104,0.19868237,0,1,"(128, 128, 128)",/media/grva-mintcave/BACKUP/marlim_faults/KlaussModel/Falhas/Searcher/Dataset/dataset_synthetic/images/img_0007.npy,/media/grva-mintcave/BACKUP/marlim_faults/KlaussModel/Falhas/Searcher/Dataset/dataset_synthetic/masks/img_0007.npy
img_0008.npy,0.0,1.0,0.49586958,0.20807688,0,1,"(128, 128, 128)",/media/grva-mintcave/BACKUP/marlim_faults/KlaussModel/Falhas/Searcher/Dataset/dataset_synthetic/images/img_0008.npy,/media/grva-mintcave/BACKUP/marlim_faults/KlaussModel/Falhas/Searcher/Dataset/dataset_synthetic/masks/img_0008.npy
img_0009.npy,0.0,1.0,0.49729165,0.21203762,0,1,"(128, 128, 128)",/media/grva-mintcave/BACKUP/marlim_faults/KlaussModel/Falhas/Searcher/Dataset/dataset_synthetic/images/img_0009.npy,/media/grva-mintcave/BACKUP/marlim_faults/KlaussModel/Falhas/Searcher/Dataset/dataset_synthetic/masks/img_0009.npy
img_0010.npy,0.0,1.0,0.5011643,0.20202921,0,1,"(128, 128, 128)",/media/grva-mintcave/BACKUP/marlim_faults/KlaussModel/Falhas/Searcher/Dataset/dataset_synthetic/images/img_0010.npy,/media/grva-mintcave/BACKUP/marlim_faults/KlaussModel/Falhas/Searcher/Dataset/dataset_synthetic/masks/img_0010.npy
img_0011.npy,0.0,1.0,0.49773103,0.21210507,0,1,"(128, 128, 128)",/media/grva-mintcave/BACKUP/marlim_faults/KlaussModel/Falhas/Searcher/Dataset/dataset_synthetic/images/img_0011.npy,/media/grva-mintcave/BACKUP/marlim_faults/KlaussModel/Falhas/Searcher/Dataset/dataset_synthetic/masks/img_0011.npy
img_0012.npy,0.0,1.0,0.4960893,0.20431706,0,1,"(128, 128, 128)",/media/grva-mintcave/BACKUP/marlim_faults/KlaussModel/Falhas/Searcher/Dataset/dataset_synthetic/images/img_0012.npy,/media/grva-mintcave/BACKUP/marlim_faults/KlaussModel/Falhas/Searcher/Dataset/dataset_synthetic/masks/img_0012.npy
img_0013.npy,0.0,1.0,0.49747258,0.21261744,0,1,"(128, 128, 128)",/media/grva-mintcave/BACKUP/marlim_faults/KlaussModel/Falhas/Searcher/Dataset/dataset_synthetic/images/img_0013.npy,/media/grva-mintcave/BACKUP/marlim_faults/KlaussModel/Falhas/Searcher/Dataset/dataset_synthetic/masks/img_0013.npy
img_0014.npy,0.0,1.0,0.497935,0.21142831,0,1,"(128, 128, 128)",/media/grva-mintcave/BACKUP/marlim_faults/KlaussModel/Falhas/Searcher/Dataset/dataset_synthetic/images/img_0014.npy,/media/grva-mintcave/BACKUP/marlim_faults/KlaussModel/Falhas/Searcher/Dataset/dataset_synthetic/masks/img_0014.npy
img_0015.npy,0.0,1.0,0.49791968,0.21062982,0,1,"(128, 128, 128)",/media/grva-mintcave/BACKUP/marlim_faults/KlaussModel/Falhas/Searcher/Dataset/dataset_synthetic/images/img_0015.npy,/media/grva-mintcave/BACKUP/marlim_faults/KlaussModel/Falhas/Searcher/Dataset/dataset_synthetic/masks/img_0015.npy
img_0016.npy,0.0,1.0,0.49675313,0.210733,0,1,"(128, 128, 128)",/media/grva-mintcave/BACKUP/marlim_faults/KlaussModel/Falhas/Searcher/Dataset/dataset_synthetic/images/img_0016.npy,/media/grva-mintcave/BACKUP/marlim_faults/KlaussModel/Falhas/Searcher/Dataset/dataset_synthetic/masks/img_0016.npy
img_0017.npy,0.0,1.0,0.49876255,0.20653981,0,1,"(128, 128, 128)",/media/grva-mintcave/BACKUP/marlim_faults/KlaussModel/Falhas/Searcher/Dataset/dataset_synthetic/images/img_0017.npy,/media/grva-mintcave/BACKUP/marlim_faults/KlaussModel/Falhas/Searcher/Dataset/dataset_synthetic/masks/img_0017.npy
img_0018.npy,0.0,1.0,0.49701798,0.20728752,0,1,"(128, 128, 128)",/media/grva-mintcave/BACKUP/marlim_faults/KlaussModel/Falhas/Searcher/Dataset/dataset_synthetic/images/img_0018.npy,/media/grva-mintcave/BACKUP/marlim_faults/KlaussModel/Falhas/Searcher/Dataset/dataset_synthetic/masks/img_0018.npy
img_0019.npy,0.0,1.0,0.49673575,0.20876084,0,1,"(128, 128, 128)",/media/grva-mintcave/BACKUP/marlim_faults/KlaussModel/Falhas/Searcher/Dataset/dataset_synthetic/images/img_0019.npy,/media/grva-mintcave/BACKUP/marlim_faults/KlaussModel/Falhas/Searcher/Dataset/dataset_synthetic/masks/img_0019.npy
img_0020.npy,0.0,1.0,0.49785125,0.21164292,0,1,"(128, 128, 128)",/media/grva-mintcave/BACKUP/marlim_faults/KlaussModel/Falhas/Searcher/Dataset/dataset_synthetic/images/img_0020.npy,/media/grva-mintcave/BACKUP/marlim_faults/KlaussModel/Falhas/Searcher/Dataset/dataset_synthetic/masks/img_0020.npy
img_0021.npy,0.0,1.0,0.4980623,0.20887855,0,1,"(128, 128, 128)",/media/grva-mintcave/BACKUP/marlim_faults/KlaussModel/Falhas/Searcher/Dataset/dataset_synthetic/images/img_0021.npy,/media/grva-mintcave/BACKUP/marlim_faults/KlaussModel/Falhas/Searcher/Dataset/dataset_synthetic/masks/img_0021.npy
img_0022.npy,0.0,1.0,0.49743128,0.21005322,0,1,"(128, 128, 128)",/media/grva-mintcave/BACKUP/marlim_faults/KlaussModel/Falhas/Searcher/Dataset/dataset_synthetic/images/img_0022.npy,/media/grva-mintcave/BACKUP/marlim_faults/KlaussModel/Falhas/Searcher/Dataset/dataset_synthetic/masks/img_0022.npy
img_0023.npy,0.0,1.0,0.49464974,0.20269135,0,1,"(128, 128, 128)",/media/grva-mintcave/BACKUP/marlim_faults/KlaussModel/Falhas/Searcher/Dataset/dataset_synthetic/images/img_0023.npy,/media/grva-mintcave/BACKUP/marlim_faults/KlaussModel/Falhas/Searcher/Dataset/dataset_synthetic/masks/img_0023.npy
img_0024.npy,0.0,1.0,0.49726892,0.20725724,0,1,"(128, 128, 128)",/media/grva-mintcave/BACKUP/marlim_faults/KlaussModel/Falhas/Searcher/Dataset/dataset_synthetic/images/img_0024.npy,/media/grva-mintcave/BACKUP/marlim_faults/KlaussModel/Falhas/Searcher/Dataset/dataset_synthetic/masks/img_0024.npy
img_0025.npy,0.0,1.0,0.49763572,0.21181716,0,1,"(128, 128, 128)",/media/grva-mintcave/BACKUP/marlim_faults/KlaussModel/Falhas/Searcher/Dataset/dataset_synthetic/images/img_0025.npy,/media/grva-mintcave/BACKUP/marlim_faults/KlaussModel/Falhas/Searcher/Dataset/dataset_synthetic/masks/img_0025.npy
img_0026.npy,0.0,1.0,0.49841553,0.21029189,0,1,"(128, 128, 128)",/media/grva-mintcave/BACKUP/marlim_faults/KlaussModel/Falhas/Searcher/Dataset/dataset_synthetic/images/img_0026.npy,/media/grva-mintcave/BACKUP/marlim_faults/KlaussModel/Falhas/Searcher/Dataset/dataset_synthetic/masks/img_0026.npy
img_0027.npy,0.0,1.0,0.49770236,0.21146809,0,1,"(128, 128, 128)",/media/grva-mintcave/BACKUP/marlim_faults/KlaussModel/Falhas/Searcher/Dataset/dataset_synthetic/images/img_0027.npy,/media/grva-mintcave/BACKUP/marlim_faults/KlaussModel/Falhas/Searcher/Dataset/dataset_synthetic/masks/img_0027.npy
img_0028.npy,0.0,1.0,0.496966,0.2001873,0,1,"(128, 128, 128)",/media/grva-mintcave/BACKUP/marlim_faults/KlaussModel/Falhas/Searcher/Dataset/dataset_synthetic/images/img_0028.npy,/media/grva-mintcave/BACKUP/marlim_faults/KlaussModel/Falhas/Searcher/Dataset/dataset_synthetic/masks/img_0028.npy
img_0029.npy,0.0,1.0,0.49848408,0.21031938,0,1,"(128, 128, 128)",/media/grva-mintcave/BACKUP/marlim_faults/KlaussModel/Falhas/Searcher/Dataset/dataset_synthetic/images/img_0029.npy,/media/grva-mintcave/BACKUP/marlim_faults/KlaussModel/Falhas/Searcher/Dataset/dataset_synthetic/masks/img_0029.npy
img_0030.npy,0.0,1.0,0.49768126,0.21141706,0,1,"(128, 128, 128)",/media/grva-mintcave/BACKUP/marlim_faults/KlaussModel/Falhas/Searcher/Dataset/dataset_synthetic/images/img_0030.npy,/media/grva-mintcave/BACKUP/marlim_faults/KlaussModel/Falhas/Searcher/Dataset/dataset_synthetic/masks/img_0030.npy
img_0031.npy,0.0,1.0,0.50023484,0.20356093,0,1,"(128, 128, 128)",/media/grva-mintcave/BACKUP/marlim_faults/KlaussModel/Falhas/Searcher/Dataset/dataset_synthetic/images/img_0031.npy,/media/grva-mintcave/BACKUP/marlim_faults/KlaussModel/Falhas/Searcher/Dataset/dataset_synthetic/masks/img_0031.npy
img_0032.npy,0.0,1.0,0.49983895,0.2064286,0,1,"(128, 128, 128)",/media/grva-mintcave/BACKUP/marlim_faults/KlaussModel/Falhas/Searcher/Dataset/dataset_synthetic/images/img_0032.npy,/media/grva-mintcave/BACKUP/marlim_faults/KlaussModel/Falhas/Searcher/Dataset/dataset_synthetic/masks/img_0032.npy
img_0033.npy,0.0,1.0,0.49685073,0.20795344,0,1,"(128, 128, 128)",/media/grva-mintcave/BACKUP/marlim_faults/KlaussModel/Falhas/Searcher/Dataset/dataset_synthetic/images/img_0033.npy,/media/grva-mintcave/BACKUP/marlim_faults/KlaussModel/Falhas/Searcher/Dataset/dataset_synthetic/masks/img_0033.npy
img_0034.npy,0.0,1.0,0.4977274,0.20620264,0,1,"(128, 128, 128)",/media/grva-mintcave/BACKUP/marlim_faults/KlaussModel/Falhas/Searcher/Dataset/dataset_synthetic/images/img_0034.npy,/media/grva-mintcave/BACKUP/marlim_faults/KlaussModel/Falhas/Searcher/Dataset/dataset_synthetic/masks/img_0034.npy
img_0035.npy,0.0,1.0,0.49724746,0.21159811,0,1,"(128, 128, 128)",/media/grva-mintcave/BACKUP/marlim_faults/KlaussModel/Falhas/Searcher/Dataset/dataset_synthetic/images/img_0035.npy,/media/grva-mintcave/BACKUP/marlim_faults/KlaussModel/Falhas/Searcher/Dataset/dataset_synthetic/masks/img_0035.npy
img_0036.npy,0.0,1.0,0.49745774,0.212589,0,1,"(128, 128, 128)",/media/grva-mintcave/BACKUP/marlim_faults/KlaussModel/Falhas/Searcher/Dataset/dataset_synthetic/images/img_0036.npy,/media/grva-mintcave/BACKUP/marlim_faults/KlaussModel/Falhas/Searcher/Dataset/dataset_synthetic/masks/img_0036.npy
img_0037.npy,0.0,1.0,0.49728918,0.21158893,0,1,"(128, 128, 128)",/media/grva-mintcave/BACKUP/marlim_faults/KlaussModel/Falhas/Searcher/Dataset/dataset_synthetic/images/img_0037.npy,/media/grva-mintcave/BACKUP/marlim_faults/KlaussModel/Falhas/Searcher/Dataset/dataset_synthetic/masks/img_0037.npy
img_0038.npy,0.0,1.0,0.4976418,0.2118239,0,1,"(128, 128, 128)",/media/grva-mintcave/BACKUP/marlim_faults/KlaussModel/Falhas/Searcher/Dataset/dataset_synthetic/images/img_0038.npy,/media/grva-mintcave/BACKUP/marlim_faults/KlaussModel/Falhas/Searcher/Dataset/dataset_synthetic/masks/img_0038.npy
img_0039.npy,0.0,1.0,0.497433,0.21245547,0,1,"(128, 128, 128)",/media/grva-mintcave/BACKUP/marlim_faults/KlaussModel/Falhas/Searcher/Dataset/dataset_synthetic/images/img_0039.npy,/media/grva-mintcave/BACKUP/marlim_faults/KlaussModel/Falhas/Searcher/Dataset/dataset_synthetic/masks/img_0039.npy
img_0040.npy,0.0,1.0,0.49725497,0.21205352,0,1,"(128, 128, 128)",/media/grva-mintcave/BACKUP/marlim_faults/KlaussModel/Falhas/Searcher/Dataset/dataset_synthetic/images/img_0040.npy,/media/grva-mintcave/BACKUP/marlim_faults/KlaussModel/Falhas/Searcher/Dataset/dataset_synthetic/masks/img_0040.npy
img_0041.npy,0.0,1.0,0.49627352,0.20847706,0,1,"(128, 128, 128)",/media/grva-mintcave/BACKUP/marlim_faults/KlaussModel/Falhas/Searcher/Dataset/dataset_synthetic/images/img_0041.npy,/media/grva-mintcave/BACKUP/marlim_faults/KlaussModel/Falhas/Searcher/Dataset/dataset_synthetic/masks/img_0041.npy
img_0042.npy,0.0,1.0,0.49769837,0.20976418,0,1,"(128, 128, 128)",/media/grva-mintcave/BACKUP/marlim_faults/KlaussModel/Falhas/Searcher/Dataset/dataset_synthetic/images/img_0042.npy,/media/grva-mintcave/BACKUP/marlim_faults/KlaussModel/Falhas/Searcher/Dataset/dataset_synthetic/masks/img_0042.npy
img_0043.npy,0.0,1.0,0.49852228,0.207797,0,1,"(128, 128, 128)",/media/grva-mintcave/BACKUP/marlim_faults/KlaussModel/Falhas/Searcher/Dataset/dataset_synthetic/images/img_0043.npy,/media/grva-mintcave/BACKUP/marlim_faults/KlaussModel/Falhas/Searcher/Dataset/dataset_synthetic/masks/img_0043.npy
img_0044.npy,0.0,1.0,0.49496144,0.20493223,0,1,"(128, 128, 128)",/media/grva-mintcave/BACKUP/marlim_faults/KlaussModel/Falhas/Searcher/Dataset/dataset_synthetic/images/img_0044.npy,/media/grva-mintcave/BACKUP/marlim_faults/KlaussModel/Falhas/Searcher/Dataset/dataset_synthetic/masks/img_0044.npy
img_0045.npy,0.0,1.0,0.49544388,0.20609944,0,1,"(128, 128, 128)",/media/grva-mintcave/BACKUP/marlim_faults/KlaussModel/Falhas/Searcher/Dataset/dataset_synthetic/images/img_0045.npy,/media/grva-mintcave/BACKUP/marlim_faults/KlaussModel/Falhas/Searcher/Dataset/dataset_synthetic/masks/img_0045.npy
img_0046.npy,0.0,1.0,0.49644446,0.20942569,0,1,"(128, 128, 128)",/media/grva-mintcave/BACKUP/marlim_faults/KlaussModel/Falhas/Searcher/Dataset/dataset_synthetic/images/img_0046.npy,/media/grva-mintcave/BACKUP/marlim_faults/KlaussModel/Falhas/Searcher/Dataset/dataset_synthetic/masks/img_0046.npy
img_0047.npy,0.0,1.0,0.4978065,0.21127613,0,1,"(128, 128, 128)",/media/grva-mintcave/BACKUP/marlim_faults/KlaussModel/Falhas/Searcher/Dataset/dataset_synthetic/images/img_0047.npy,/media/grva-mintcave/BACKUP/marlim_faults/KlaussModel/Falhas/Searcher/Dataset/dataset_synthetic/masks/img_0047.npy
img_0048.npy,0.0,1.0,0.4976337,0.21173662,0,1,"(128, 128, 128)",/media/grva-mintcave/BACKUP/marlim_faults/KlaussModel/Falhas/Searcher/Dataset/dataset_synthetic/images/img_0048.npy,/media/grva-mintcave/BACKUP/marlim_faults/KlaussModel/Falhas/Searcher/Dataset/dataset_synthetic/masks/img_0048.npy
img_0049.npy,0.0,1.0,0.49750474,0.21185161,0,1,"(128, 128, 128)",/media/grva-mintcave/BACKUP/marlim_faults/KlaussModel/Falhas/Searcher/Dataset/dataset_synthetic/images/img_0049.npy,/media/grva-mintcave/BACKUP/marlim_faults/KlaussModel/Falhas/Searcher/Dataset/dataset_synthetic/masks/img_0049.npy
img_0050.npy,0.0,1.0,0.4974995,0.20980445,0,1,"(128, 128, 128)",/media/grva-mintcave/BACKUP/marlim_faults/KlaussModel/Falhas/Searcher/Dataset/dataset_synthetic/images/img_0050.npy,/media/grva-mintcave/BACKUP/marlim_faults/KlaussModel/Falhas/Searcher/Dataset/dataset_synthetic/masks/img_0050.npy
img_0051.npy,0.0,1.0,0.49935627,0.20645222,0,1,"(128, 128, 128)",/media/grva-mintcave/BACKUP/marlim_faults/KlaussModel/Falhas/Searcher/Dataset/dataset_synthetic/images/img_0051.npy,/media/grva-mintcave/BACKUP/marlim_faults/KlaussModel/Falhas/Searcher/Dataset/dataset_synthetic/masks/img_0051.npy
img_0052.npy,0.0,1.0,0.4977314,0.21181157,0,1,"(128, 128, 128)",/media/grva-mintcave/BACKUP/marlim_faults/KlaussModel/Falhas/Searcher/Dataset/dataset_synthetic/images/img_0052.npy,/media/grva-mintcave/BACKUP/marlim_faults/KlaussModel/Falhas/Searcher/Dataset/dataset_synthetic/masks/img_0052.npy
img_0053.npy,0.0,1.0,0.49693477,0.21048954,0,1,"(128, 128, 128)",/media/grva-mintcave/BACKUP/marlim_faults/KlaussModel/Falhas/Searcher/Dataset/dataset_synthetic/images/img_0053.npy,/media/grva-mintcave/BACKUP/marlim_faults/KlaussModel/Falhas/Searcher/Dataset/dataset_synthetic/masks/img_0053.npy
img_0054.npy,0.0,1.0,0.49709138,0.2098179,0,1,"(128, 128, 128)",/media/grva-mintcave/BACKUP/marlim_faults/KlaussModel/Falhas/Searcher/Dataset/dataset_synthetic/images/img_0054.npy,/media/grva-mintcave/BACKUP/marlim_faults/KlaussModel/Falhas/Searcher/Dataset/dataset_synthetic/masks/img_0054.npy
img_0055.npy,0.0,1.0,0.4979022,0.21175103,0,1,"(128, 128, 128)",/media/grva-mintcave/BACKUP/marlim_faults/KlaussModel/Falhas/Searcher/Dataset/dataset_synthetic/images/img_0055.npy,/media/grva-mintcave/BACKUP/marlim_faults/KlaussModel/Falhas/Searcher/Dataset/dataset_synthetic/masks/img_0055.npy
img_0056.npy,0.0,1.0,0.49883074,0.20942928,0,1,"(128, 128, 128)",/media/grva-mintcave/BACKUP/marlim_faults/KlaussModel/Falhas/Searcher/Dataset/dataset_synthetic/images/img_0056.npy,/media/grva-mintcave/BACKUP/marlim_faults/KlaussModel/Falhas/Searcher/Dataset/dataset_synthetic/masks/img_0056.npy
img_0057.npy,0.0,1.0,0.49748236,0.21047355,0,1,"(128, 128, 128)",/media/grva-mintcave/BACKUP/marlim_faults/KlaussModel/Falhas/Searcher/Dataset/dataset_synthetic/images/img_0057.npy,/media/grva-mintcave/BACKUP/marlim_faults/KlaussModel/Falhas/Searcher/Dataset/dataset_synthetic/masks/img_0057.npy
img_0058.npy,0.0,1.0,0.4959317,0.2084756,0,1,"(128, 128, 128)",/media/grva-mintcave/BACKUP/marlim_faults/KlaussModel/Falhas/Searcher/Dataset/dataset_synthetic/images/img_0058.npy,/media/grva-mintcave/BACKUP/marlim_faults/KlaussModel/Falhas/Searcher/Dataset/dataset_synthetic/masks/img_0058.npy
img_0059.npy,0.0,1.0,0.49954307,0.20427346,0,1,"(128, 128, 128)",/media/grva-mintcave/BACKUP/marlim_faults/KlaussModel/Falhas/Searcher/Dataset/dataset_synthetic/images/img_0059.npy,/media/grva-mintcave/BACKUP/marlim_faults/KlaussModel/Falhas/Searcher/Dataset/dataset_synthetic/masks/img_0059.npy
img_0060.npy,0.0,1.0,0.4978999,0.21093662,0,1,"(128, 128, 128)",/media/grva-mintcave/BACKUP/marlim_faults/KlaussModel/Falhas/Searcher/Dataset/dataset_synthetic/images/img_0060.npy,/media/grva-mintcave/BACKUP/marlim_faults/KlaussModel/Falhas/Searcher/Dataset/dataset_synthetic/masks/img_0060.npy
img_0061.npy,0.0,1.0,0.4974282,0.21143468,0,1,"(128, 128, 128)",/media/grva-mintcave/BACKUP/marlim_faults/KlaussModel/Falhas/Searcher/Dataset/dataset_synthetic/images/img_0061.npy,/media/grva-mintcave/BACKUP/marlim_faults/KlaussModel/Falhas/Searcher/Dataset/dataset_synthetic/masks/img_0061.npy
img_0062.npy,0.0,1.0,0.49687767,0.2080787,0,1,"(128, 128, 128)",/media/grva-mintcave/BACKUP/marlim_faults/KlaussModel/Falhas/Searcher/Dataset/dataset_synthetic/images/img_0062.npy,/media/grva-mintcave/BACKUP/marlim_faults/KlaussModel/Falhas/Searcher/Dataset/dataset_synthetic/masks/img_0062.npy
img_0063.npy,0.0,1.0,0.49957883,0.20702581,0,1,"(128, 128, 128)",/media/grva-mintcave/BACKUP/marlim_faults/KlaussModel/Falhas/Searcher/Dataset/dataset_synthetic/images/img_0063.npy,/media/grva-mintcave/BACKUP/marlim_faults/KlaussModel/Falhas/Searcher/Dataset/dataset_synthetic/masks/img_0063.npy
img_0064.npy,0.0,1.0,0.4975723,0.21150066,0,1,"(128, 128, 128)",/media/grva-mintcave/BACKUP/marlim_faults/KlaussModel/Falhas/Searcher/Dataset/dataset_synthetic/images/img_0064.npy,/media/grva-mintcave/BACKUP/marlim_faults/KlaussModel/Falhas/Searcher/Dataset/dataset_synthetic/masks/img_0064.npy
img_0065.npy,0.0,1.0,0.49709994,0.21077055,0,1,"(128, 128, 128)",/media/grva-mintcave/BACKUP/marlim_faults/KlaussModel/Falhas/Searcher/Dataset/dataset_synthetic/images/img_0065.npy,/media/grva-mintcave/BACKUP/marlim_faults/KlaussModel/Falhas/Searcher/Dataset/dataset_synthetic/masks/img_0065.npy
img_0066.npy,0.0,1.0,0.49716237,0.21067877,0,1,"(128, 128, 128)",/media/grva-mintcave/BACKUP/marlim_faults/KlaussModel/Falhas/Searcher/Dataset/dataset_synthetic/images/img_0066.npy,/media/grva-mintcave/BACKUP/marlim_faults/KlaussModel/Falhas/Searcher/Dataset/dataset_synthetic/masks/img_0066.npy
img_0067.npy,0.0,1.0,0.49759418,0.21254177,0,1,"(128, 128, 128)",/media/grva-mintcave/BACKUP/marlim_faults/KlaussModel/Falhas/Searcher/Dataset/dataset_synthetic/images/img_0067.npy,/media/grva-mintcave/BACKUP/marlim_faults/KlaussModel/Falhas/Searcher/Dataset/dataset_synthetic/masks/img_0067.npy
img_0068.npy,0.0,1.0,0.49805728,0.20798607,0,1,"(128, 128, 128)",/media/grva-mintcave/BACKUP/marlim_faults/KlaussModel/Falhas/Searcher/Dataset/dataset_synthetic/images/img_0068.npy,/media/grva-mintcave/BACKUP/marlim_faults/KlaussModel/Falhas/Searcher/Dataset/dataset_synthetic/masks/img_0068.npy
img_0069.npy,0.0,1.0,0.49720734,0.21107247,0,1,"(128, 128, 128)",/media/grva-mintcave/BACKUP/marlim_faults/KlaussModel/Falhas/Searcher/Dataset/dataset_synthetic/images/img_0069.npy,/media/grva-mintcave/BACKUP/marlim_faults/KlaussModel/Falhas/Searcher/Dataset/dataset_synthetic/masks/img_0069.npy
img_0070.npy,0.0,1.0,0.49747545,0.212591,0,1,"(128, 128, 128)",/media/grva-mintcave/BACKUP/marlim_faults/KlaussModel/Falhas/Searcher/Dataset/dataset_synthetic/images/img_0070.npy,/media/grva-mintcave/BACKUP/marlim_faults/KlaussModel/Falhas/Searcher/Dataset/dataset_synthetic/masks/img_0070.npy
img_0071.npy,0.0,1.0,0.49722207,0.21124968,0,1,"(128, 128, 128)",/media/grva-mintcave/BACKUP/marlim_faults/KlaussModel/Falhas/Searcher/Dataset/dataset_synthetic/images/img_0071.npy,/media/grva-mintcave/BACKUP/marlim_faults/KlaussModel/Falhas/Searcher/Dataset/dataset_synthetic/masks/img_0071.npy
img_0072.npy,0.0,1.0,0.49650103,0.2094906,0,1,"(128, 128, 128)",/media/grva-mintcave/BACKUP/marlim_faults/KlaussModel/Falhas/Searcher/Dataset/dataset_synthetic/images/img_0072.npy,/media/grva-mintcave/BACKUP/marlim_faults/KlaussModel/Falhas/Searcher/Dataset/dataset_synthetic/masks/img_0072.npy
img_0073.npy,0.0,1.0,0.4974038,0.21238989,0,1,"(128, 128, 128)",/media/grva-mintcave/BACKUP/marlim_faults/KlaussModel/Falhas/Searcher/Dataset/dataset_synthetic/images/img_0073.npy,/media/grva-mintcave/BACKUP/marlim_faults/KlaussModel/Falhas/Searcher/Dataset/dataset_synthetic/masks/img_0073.npy
img_0074.npy,0.0,1.0,0.494809,0.20358656,0,1,"(128, 128, 128)",/media/grva-mintcave/BACKUP/marlim_faults/KlaussModel/Falhas/Searcher/Dataset/dataset_synthetic/images/img_0074.npy,/media/grva-mintcave/BACKUP/marlim_faults/KlaussModel/Falhas/Searcher/Dataset/dataset_synthetic/masks/img_0074.npy
img_0075.npy,0.0,1.0,0.49747413,0.21170759,0,1,"(128, 128, 128)",/media/grva-mintcave/BACKUP/marlim_faults/KlaussModel/Falhas/Searcher/Dataset/dataset_synthetic/images/img_0075.npy,/media/grva-mintcave/BACKUP/marlim_faults/KlaussModel/Falhas/Searcher/Dataset/dataset_synthetic/masks/img_0075.npy
img_0076.npy,0.0,1.0,0.49808156,0.21097314,0,1,"(128, 128, 128)",/media/grva-mintcave/BACKUP/marlim_faults/KlaussModel/Falhas/Searcher/Dataset/dataset_synthetic/images/img_0076.npy,/media/grva-mintcave/BACKUP/marlim_faults/KlaussModel/Falhas/Searcher/Dataset/dataset_synthetic/masks/img_0076.npy
img_0077.npy,0.0,1.0,0.4973154,0.2120869,0,1,"(128, 128, 128)",/media/grva-mintcave/BACKUP/marlim_faults/KlaussModel/Falhas/Searcher/Dataset/dataset_synthetic/images/img_0077.npy,/media/grva-mintcave/BACKUP/marlim_faults/KlaussModel/Falhas/Searcher/Dataset/dataset_synthetic/masks/img_0077.npy
img_0078.npy,0.0,1.0,0.49753487,0.20858341,0,1,"(128, 128, 128)",/media/grva-mintcave/BACKUP/marlim_faults/KlaussModel/Falhas/Searcher/Dataset/dataset_synthetic/images/img_0078.npy,/media/grva-mintcave/BACKUP/marlim_faults/KlaussModel/Falhas/Searcher/Dataset/dataset_synthetic/masks/img_0078.npy
img_0079.npy,0.0,1.0,0.49568042,0.20558128,0,1,"(128, 128, 128)",/media/grva-mintcave/BACKUP/marlim_faults/KlaussModel/Falhas/Searcher/Dataset/dataset_synthetic/images/img_0079.npy,/media/grva-mintcave/BACKUP/marlim_faults/KlaussModel/Falhas/Searcher/Dataset/dataset_synthetic/masks/img_0079.npy
img_0080.npy,0.0,1.0,0.49654037,0.20653147,0,1,"(128, 128, 128)",/media/grva-mintcave/BACKUP/marlim_faults/KlaussModel/Falhas/Searcher/Dataset/dataset_synthetic/images/img_0080.npy,/media/grva-mintcave/BACKUP/marlim_faults/KlaussModel/Falhas/Searcher/Dataset/dataset_synthetic/masks/img_0080.npy
img_0081.npy,0.0,1.0,0.4976474,0.19993536,0,1,"(128, 128, 128)",/media/grva-mintcave/BACKUP/marlim_faults/KlaussModel/Falhas/Searcher/Dataset/dataset_synthetic/images/img_0081.npy,/media/grva-mintcave/BACKUP/marlim_faults/KlaussModel/Falhas/Searcher/Dataset/dataset_synthetic/masks/img_0081.npy
img_0082.npy,0.0,1.0,0.4973443,0.20879257,0,1,"(128, 128, 128)",/media/grva-mintcave/BACKUP/marlim_faults/KlaussModel/Falhas/Searcher/Dataset/dataset_synthetic/images/img_0082.npy,/media/grva-mintcave/BACKUP/marlim_faults/KlaussModel/Falhas/Searcher/Dataset/dataset_synthetic/masks/img_0082.npy
img_0083.npy,0.0,1.0,0.4962797,0.20682433,0,1,"(128, 128, 128)",/media/grva-mintcave/BACKUP/marlim_faults/KlaussModel/Falhas/Searcher/Dataset/dataset_synthetic/images/img_0083.npy,/media/grva-mintcave/BACKUP/marlim_faults/KlaussModel/Falhas/Searcher/Dataset/dataset_synthetic/masks/img_0083.npy
img_0084.npy,0.0,1.0,0.49814266,0.206435,0,1,"(128, 128, 128)",/media/grva-mintcave/BACKUP/marlim_faults/KlaussModel/Falhas/Searcher/Dataset/dataset_synthetic/images/img_0084.npy,/media/grva-mintcave/BACKUP/marlim_faults/KlaussModel/Falhas/Searcher/Dataset/dataset_synthetic/masks/img_0084.npy
img_0085.npy,0.0,1.0,0.49718332,0.21139424,0,1,"(128, 128, 128)",/media/grva-mintcave/BACKUP/marlim_faults/KlaussModel/Falhas/Searcher/Dataset/dataset_synthetic/images/img_0085.npy,/media/grva-mintcave/BACKUP/marlim_faults/KlaussModel/Falhas/Searcher/Dataset/dataset_synthetic/masks/img_0085.npy
img_0086.npy,0.0,1.0,0.5033342,0.19515073,0,1,"(128, 128, 128)",/media/grva-mintcave/BACKUP/marlim_faults/KlaussModel/Falhas/Searcher/Dataset/dataset_synthetic/images/img_0086.npy,/media/grva-mintcave/BACKUP/marlim_faults/KlaussModel/Falhas/Searcher/Dataset/dataset_synthetic/masks/img_0086.npy
img_0087.npy,0.0,1.0,0.49692208,0.21028313,0,1,"(128, 128, 128)",/media/grva-mintcave/BACKUP/marlim_faults/KlaussModel/Falhas/Searcher/Dataset/dataset_synthetic/images/img_0087.npy,/media/grva-mintcave/BACKUP/marlim_faults/KlaussModel/Falhas/Searcher/Dataset/dataset_synthetic/masks/img_0087.npy
img_0088.npy,0.0,1.0,0.49892366,0.20799088,0,1,"(128, 128, 128)",/media/grva-mintcave/BACKUP/marlim_faults/KlaussModel/Falhas/Searcher/Dataset/dataset_synthetic/images/img_0088.npy,/media/grva-mintcave/BACKUP/marlim_faults/KlaussModel/Falhas/Searcher/Dataset/dataset_synthetic/masks/img_0088.npy
img_0089.npy,0.0,1.0,0.49733567,0.20973635,0,1,"(128, 128, 128)",/media/grva-mintcave/BACKUP/marlim_faults/KlaussModel/Falhas/Searcher/Dataset/dataset_synthetic/images/img_0089.npy,/media/grva-mintcave/BACKUP/marlim_faults/KlaussModel/Falhas/Searcher/Dataset/dataset_synthetic/masks/img_0089.npy
img_0090.npy,0.0,1.0,0.49792695,0.20911679,0,1,"(128, 128, 128)",/media/grva-mintcave/BACKUP/marlim_faults/KlaussModel/Falhas/Searcher/Dataset/dataset_synthetic/images/img_0090.npy,/media/grva-mintcave/BACKUP/marlim_faults/KlaussModel/Falhas/Searcher/Dataset/dataset_synthetic/masks/img_0090.npy
img_0091.npy,0.0,1.0,0.49744755,0.21255067,0,1,"(128, 128, 128)",/media/grva-mintcave/BACKUP/marlim_faults/KlaussModel/Falhas/Searcher/Dataset/dataset_synthetic/images/img_0091.npy,/media/grva-mintcave/BACKUP/marlim_faults/KlaussModel/Falhas/Searcher/Dataset/dataset_synthetic/masks/img_0091.npy
img_0092.npy,0.0,1.0,0.49739364,0.21190031,0,1,"(128, 128, 128)",/media/grva-mintcave/BACKUP/marlim_faults/KlaussModel/Falhas/Searcher/Dataset/dataset_synthetic/images/img_0092.npy,/media/grva-mintcave/BACKUP/marlim_faults/KlaussModel/Falhas/Searcher/Dataset/dataset_synthetic/masks/img_0092.npy
img_0093.npy,0.0,1.0,0.49807376,0.2113978,0,1,"(128, 128, 128)",/media/grva-mintcave/BACKUP/marlim_faults/KlaussModel/Falhas/Searcher/Dataset/dataset_synthetic/images/img_0093.npy,/media/grva-mintcave/BACKUP/marlim_faults/KlaussModel/Falhas/Searcher/Dataset/dataset_synthetic/masks/img_0093.npy
img_0094.npy,0.0,1.0,0.49719292,0.21199071,0,1,"(128, 128, 128)",/media/grva-mintcave/BACKUP/marlim_faults/KlaussModel/Falhas/Searcher/Dataset/dataset_synthetic/images/img_0094.npy,/media/grva-mintcave/BACKUP/marlim_faults/KlaussModel/Falhas/Searcher/Dataset/dataset_synthetic/masks/img_0094.npy
img_0095.npy,0.0,1.0,0.4971,0.20967104,0,1,"(128, 128, 128)",/media/grva-mintcave/BACKUP/marlim_faults/KlaussModel/Falhas/Searcher/Dataset/dataset_synthetic/images/img_0095.npy,/media/grva-mintcave/BACKUP/marlim_faults/KlaussModel/Falhas/Searcher/Dataset/dataset_synthetic/masks/img_0095.npy
img_0096.npy,0.0,1.0,0.49721384,0.2117843,0,1,"(128, 128, 128)",/media/grva-mintcave/BACKUP/marlim_faults/KlaussModel/Falhas/Searcher/Dataset/dataset_synthetic/images/img_0096.npy,/media/grva-mintcave/BACKUP/marlim_faults/KlaussModel/Falhas/Searcher/Dataset/dataset_synthetic/masks/img_0096.npy
img_0097.npy,0.0,1.0,0.49770504,0.21137205,0,1,"(128, 128, 128)",/media/grva-mintcave/BACKUP/marlim_faults/KlaussModel/Falhas/Searcher/Dataset/dataset_synthetic/images/img_0097.npy,/media/grva-mintcave/BACKUP/marlim_faults/KlaussModel/Falhas/Searcher/Dataset/dataset_synthetic/masks/img_0097.npy
img_0098.npy,0.0,1.0,0.4975174,0.21280043,0,1,"(128, 128, 128)",/media/grva-mintcave/BACKUP/marlim_faults/KlaussModel/Falhas/Searcher/Dataset/dataset_synthetic/images/img_0098.npy,/media/grva-mintcave/BACKUP/marlim_faults/KlaussModel/Falhas/Searcher/Dataset/dataset_synthetic/masks/img_0098.npy
img_0099.npy,0.0,1.0,0.49779904,0.21112397,0,1,"(128, 128, 128)",/media/grva-mintcave/BACKUP/marlim_faults/KlaussModel/Falhas/Searcher/Dataset/dataset_synthetic/images/img_0099.npy,/media/grva-mintcave/BACKUP/marlim_faults/KlaussModel/Falhas/Searcher/Dataset/dataset_synthetic/masks/img_0099.npy
img_0100.npy,0.0,1.0,0.49717802,0.21125227,0,1,"(128, 128, 128)",/media/grva-mintcave/BACKUP/marlim_faults/KlaussModel/Falhas/Searcher/Dataset/dataset_synthetic/images/img_0100.npy,/media/grva-mintcave/BACKUP/marlim_faults/KlaussModel/Falhas/Searcher/Dataset/dataset_synthetic/masks/img_0100.npy
img_0101.npy,0.0,1.0,0.49770734,0.21105994,0,1,"(128, 128, 128)",/media/grva-mintcave/BACKUP/marlim_faults/KlaussModel/Falhas/Searcher/Dataset/dataset_synthetic/images/img_0101.npy,/media/grva-mintcave/BACKUP/marlim_faults/KlaussModel/Falhas/Searcher/Dataset/dataset_synthetic/masks/img_0101.npy
img_0102.npy,0.0,1.0,0.49878,0.20784456,0,1,"(128, 128, 128)",/media/grva-mintcave/BACKUP/marlim_faults/KlaussModel/Falhas/Searcher/Dataset/dataset_synthetic/images/img_0102.npy,/media/grva-mintcave/BACKUP/marlim_faults/KlaussModel/Falhas/Searcher/Dataset/dataset_synthetic/masks/img_0102.npy
img_0103.npy,0.0,1.0,0.49776518,0.21008754,0,1,"(128, 128, 128)",/media/grva-mintcave/BACKUP/marlim_faults/KlaussModel/Falhas/Searcher/Dataset/dataset_synthetic/images/img_0103.npy,/media/grva-mintcave/BACKUP/marlim_faults/KlaussModel/Falhas/Searcher/Dataset/dataset_synthetic/masks/img_0103.npy
img_0104.npy,0.0,1.0,0.4974448,0.21112801,0,1,"(128, 128, 128)",/media/grva-mintcave/BACKUP/marlim_faults/KlaussModel/Falhas/Searcher/Dataset/dataset_synthetic/images/img_0104.npy,/media/grva-mintcave/BACKUP/marlim_faults/KlaussModel/Falhas/Searcher/Dataset/dataset_synthetic/masks/img_0104.npy
img_0105.npy,0.0,1.0,0.4969673,0.20942543,0,1,"(128, 128, 128)",/media/grva-mintcave/BACKUP/marlim_faults/KlaussModel/Falhas/Searcher/Dataset/dataset_synthetic/images/img_0105.npy,/media/grva-mintcave/BACKUP/marlim_faults/KlaussModel/Falhas/Searcher/Dataset/dataset_synthetic/masks/img_0105.npy
img_0106.npy,0.0,1.0,0.49758565,0.2116771,0,1,"(128, 128, 128)",/media/grva-mintcave/BACKUP/marlim_faults/KlaussModel/Falhas/Searcher/Dataset/dataset_synthetic/images/img_0106.npy,/media/grva-mintcave/BACKUP/marlim_faults/KlaussModel/Falhas/Searcher/Dataset/dataset_synthetic/masks/img_0106.npy
img_0107.npy,0.0,1.0,0.49784043,0.21044356,0,1,"(128, 128, 128)",/media/grva-mintcave/BACKUP/marlim_faults/KlaussModel/Falhas/Searcher/Dataset/dataset_synthetic/images/img_0107.npy,/media/grva-mintcave/BACKUP/marlim_faults/KlaussModel/Falhas/Searcher/Dataset/dataset_synthetic/masks/img_0107.npy
img_0108.npy,0.0,1.0,0.4977814,0.21125014,0,1,"(128, 128, 128)",/media/grva-mintcave/BACKUP/marlim_faults/KlaussModel/Falhas/Searcher/Dataset/dataset_synthetic/images/img_0108.npy,/media/grva-mintcave/BACKUP/marlim_faults/KlaussModel/Falhas/Searcher/Dataset/dataset_synthetic/masks/img_0108.npy
img_0109.npy,0.0,1.0,0.4973461,0.20616996,0,1,"(128, 128, 128)",/media/grva-mintcave/BACKUP/marlim_faults/KlaussModel/Falhas/Searcher/Dataset/dataset_synthetic/images/img_0109.npy,/media/grva-mintcave/BACKUP/marlim_faults/KlaussModel/Falhas/Searcher/Dataset/dataset_synthetic/masks/img_0109.npy
img_0110.npy,0.0,1.0,0.49815047,0.20552617,0,1,"(128, 128, 128)",/media/grva-mintcave/BACKUP/marlim_faults/KlaussModel/Falhas/Searcher/Dataset/dataset_synthetic/images/img_0110.npy,/media/grva-mintcave/BACKUP/marlim_faults/KlaussModel/Falhas/Searcher/Dataset/dataset_synthetic/masks/img_0110.npy
img_0111.npy,0.0,1.0,0.4976502,0.21215524,0,1,"(128, 128, 128)",/media/grva-mintcave/BACKUP/marlim_faults/KlaussModel/Falhas/Searcher/Dataset/dataset_synthetic/images/img_0111.npy,/media/grva-mintcave/BACKUP/marlim_faults/KlaussModel/Falhas/Searcher/Dataset/dataset_synthetic/masks/img_0111.npy
img_0112.npy,0.0,1.0,0.49749917,0.212749,0,1,"(128, 128, 128)",/media/grva-mintcave/BACKUP/marlim_faults/KlaussModel/Falhas/Searcher/Dataset/dataset_synthetic/images/img_0112.npy,/media/grva-mintcave/BACKUP/marlim_faults/KlaussModel/Falhas/Searcher/Dataset/dataset_synthetic/masks/img_0112.npy
img_0113.npy,0.0,1.0,0.49720445,0.20975943,0,1,"(128, 128, 128)",/media/grva-mintcave/BACKUP/marlim_faults/KlaussModel/Falhas/Searcher/Dataset/dataset_synthetic/images/img_0113.npy,/media/grva-mintcave/BACKUP/marlim_faults/KlaussModel/Falhas/Searcher/Dataset/dataset_synthetic/masks/img_0113.npy
img_0114.npy,0.0,1.0,0.49684113,0.2108853,0,1,"(128, 128, 128)",/media/grva-mintcave/BACKUP/marlim_faults/KlaussModel/Falhas/Searcher/Dataset/dataset_synthetic/images/img_0114.npy,/media/grva-mintcave/BACKUP/marlim_faults/KlaussModel/Falhas/Searcher/Dataset/dataset_synthetic/masks/img_0114.npy
img_0115.npy,0.0,1.0,0.4967414,0.20951205,0,1,"(128, 128, 128)",/media/grva-mintcave/BACKUP/marlim_faults/KlaussModel/Falhas/Searcher/Dataset/dataset_synthetic/images/img_0115.npy,/media/grva-mintcave/BACKUP/marlim_faults/KlaussModel/Falhas/Searcher/Dataset/dataset_synthetic/masks/img_0115.npy
img_0116.npy,0.0,1.0,0.4975652,0.21023667,0,1,"(128, 128, 128)",/media/grva-mintcave/BACKUP/marlim_faults/KlaussModel/Falhas/Searcher/Dataset/dataset_synthetic/images/img_0116.npy,/media/grva-mintcave/BACKUP/marlim_faults/KlaussModel/Falhas/Searcher/Dataset/dataset_synthetic/masks/img_0116.npy
img_0117.npy,0.0,1.0,0.49764848,0.21210599,0,1,"(128, 128, 128)",/media/grva-mintcave/BACKUP/marlim_faults/KlaussModel/Falhas/Searcher/Dataset/dataset_synthetic/images/img_0117.npy,/media/grva-mintcave/BACKUP/marlim_faults/KlaussModel/Falhas/Searcher/Dataset/dataset_synthetic/masks/img_0117.npy
img_0118.npy,0.0,1.0,0.4962591,0.2054631,0,1,"(128, 128, 128)",/media/grva-mintcave/BACKUP/marlim_faults/KlaussModel/Falhas/Searcher/Dataset/dataset_synthetic/images/img_0118.npy,/media/grva-mintcave/BACKUP/marlim_faults/KlaussModel/Falhas/Searcher/Dataset/dataset_synthetic/masks/img_0118.npy
img_0119.npy,0.0,1.0,0.4958942,0.2076149,0,1,"(128, 128, 128)",/media/grva-mintcave/BACKUP/marlim_faults/KlaussModel/Falhas/Searcher/Dataset/dataset_synthetic/images/img_0119.npy,/media/grva-mintcave/BACKUP/marlim_faults/KlaussModel/Falhas/Searcher/Dataset/dataset_synthetic/masks/img_0119.npy
img_0120.npy,0.0,1.0,0.4973137,0.2095802,0,1,"(128, 128, 128)",/media/grva-mintcave/BACKUP/marlim_faults/KlaussModel/Falhas/Searcher/Dataset/dataset_synthetic/images/img_0120.npy,/media/grva-mintcave/BACKUP/marlim_faults/KlaussModel/Falhas/Searcher/Dataset/dataset_synthetic/masks/img_0120.npy
img_0121.npy,0.0,1.0,0.4980869,0.20967007,0,1,"(128, 128, 128)",/media/grva-mintcave/BACKUP/marlim_faults/KlaussModel/Falhas/Searcher/Dataset/dataset_synthetic/images/img_0121.npy,/media/grva-mintcave/BACKUP/marlim_faults/KlaussModel/Falhas/Searcher/Dataset/dataset_synthetic/masks/img_0121.npy
img_0122.npy,0.0,1.0,0.496364,0.20844269,0,1,"(128, 128, 128)",/media/grva-mintcave/BACKUP/marlim_faults/KlaussModel/Falhas/Searcher/Dataset/dataset_synthetic/images/img_0122.npy,/media/grva-mintcave/BACKUP/marlim_faults/KlaussModel/Falhas/Searcher/Dataset/dataset_synthetic/masks/img_0122.npy
img_0123.npy,0.0,1.0,0.49714512,0.21071817,0,1,"(128, 128, 128)",/media/grva-mintcave/BACKUP/marlim_faults/KlaussModel/Falhas/Searcher/Dataset/dataset_synthetic/images/img_0123.npy,/media/grva-mintcave/BACKUP/marlim_faults/KlaussModel/Falhas/Searcher/Dataset/dataset_synthetic/masks/img_0123.npy
img_0124.npy,0.0,1.0,0.49766064,0.2115341,0,1,"(128, 128, 128)",/media/grva-mintcave/BACKUP/marlim_faults/KlaussModel/Falhas/Searcher/Dataset/dataset_synthetic/images/img_0124.npy,/media/grva-mintcave/BACKUP/marlim_faults/KlaussModel/Falhas/Searcher/Dataset/dataset_synthetic/masks/img_0124.npy
img_0125.npy,0.0,1.0,0.49762672,0.21199246,0,1,"(128, 128, 128)",/media/grva-mintcave/BACKUP/marlim_faults/KlaussModel/Falhas/Searcher/Dataset/dataset_synthetic/images/img_0125.npy,/media/grva-mintcave/BACKUP/marlim_faults/KlaussModel/Falhas/Searcher/Dataset/dataset_synthetic/masks/img_0125.npy
img_0126.npy,0.0,1.0,0.49790376,0.21130495,0,1,"(128, 128, 128)",/media/grva-mintcave/BACKUP/marlim_faults/KlaussModel/Falhas/Searcher/Dataset/dataset_synthetic/images/img_0126.npy,/media/grva-mintcave/BACKUP/marlim_faults/KlaussModel/Falhas/Searcher/Dataset/dataset_synthetic/masks/img_0126.npy
img_0127.npy,0.0,1.0,0.49700457,0.21024647,0,1,"(128, 128, 128)",/media/grva-mintcave/BACKUP/marlim_faults/KlaussModel/Falhas/Searcher/Dataset/dataset_synthetic/images/img_0127.npy,/media/grva-mintcave/BACKUP/marlim_faults/KlaussModel/Falhas/Searcher/Dataset/dataset_synthetic/masks/img_0127.npy
img_0128.npy,0.0,1.0,0.49743915,0.21177125,0,1,"(128, 128, 128)",/media/grva-mintcave/BACKUP/marlim_faults/KlaussModel/Falhas/Searcher/Dataset/dataset_synthetic/images/img_0128.npy,/media/grva-mintcave/BACKUP/marlim_faults/KlaussModel/Falhas/Searcher/Dataset/dataset_synthetic/masks/img_0128.npy
img_0129.npy,0.0,1.0,0.49684954,0.20982432,0,1,"(128, 128, 128)",/media/grva-mintcave/BACKUP/marlim_faults/KlaussModel/Falhas/Searcher/Dataset/dataset_synthetic/images/img_0129.npy,/media/grva-mintcave/BACKUP/marlim_faults/KlaussModel/Falhas/Searcher/Dataset/dataset_synthetic/masks/img_0129.npy
img_0130.npy,0.0,1.0,0.49747974,0.21140459,0,1,"(128, 128, 128)",/media/grva-mintcave/BACKUP/marlim_faults/KlaussModel/Falhas/Searcher/Dataset/dataset_synthetic/images/img_0130.npy,/media/grva-mintcave/BACKUP/marlim_faults/KlaussModel/Falhas/Searcher/Dataset/dataset_synthetic/masks/img_0130.npy
img_0131.npy,0.0,1.0,0.4972323,0.20942885,0,1,"(128, 128, 128)",/media/grva-mintcave/BACKUP/marlim_faults/KlaussModel/Falhas/Searcher/Dataset/dataset_synthetic/images/img_0131.npy,/media/grva-mintcave/BACKUP/marlim_faults/KlaussModel/Falhas/Searcher/Dataset/dataset_synthetic/masks/img_0131.npy
img_0132.npy,0.0,1.0,0.49963963,0.20288828,0,1,"(128, 128, 128)",/media/grva-mintcave/BACKUP/marlim_faults/KlaussModel/Falhas/Searcher/Dataset/dataset_synthetic/images/img_0132.npy,/media/grva-mintcave/BACKUP/marlim_faults/KlaussModel/Falhas/Searcher/Dataset/dataset_synthetic/masks/img_0132.npy
img_0133.npy,0.0,1.0,0.49993247,0.20431782,0,1,"(128, 128, 128)",/media/grva-mintcave/BACKUP/marlim_faults/KlaussModel/Falhas/Searcher/Dataset/dataset_synthetic/images/img_0133.npy,/media/grva-mintcave/BACKUP/marlim_faults/KlaussModel/Falhas/Searcher/Dataset/dataset_synthetic/masks/img_0133.npy
img_0134.npy,0.0,1.0,0.49784732,0.21035191,0,1,"(128, 128, 128)",/media/grva-mintcave/BACKUP/marlim_faults/KlaussModel/Falhas/Searcher/Dataset/dataset_synthetic/images/img_0134.npy,/media/grva-mintcave/BACKUP/marlim_faults/KlaussModel/Falhas/Searcher/Dataset/dataset_synthetic/masks/img_0134.npy
img_0135.npy,0.0,1.0,0.4975216,0.21155117,0,1,"(128, 128, 128)",/media/grva-mintcave/BACKUP/marlim_faults/KlaussModel/Falhas/Searcher/Dataset/dataset_synthetic/images/img_0135.npy,/media/grva-mintcave/BACKUP/marlim_faults/KlaussModel/Falhas/Searcher/Dataset/dataset_synthetic/masks/img_0135.npy
img_0136.npy,0.0,1.0,0.49848503,0.2089943,0,1,"(128, 128, 128)",/media/grva-mintcave/BACKUP/marlim_faults/KlaussModel/Falhas/Searcher/Dataset/dataset_synthetic/images/img_0136.npy,/media/grva-mintcave/BACKUP/marlim_faults/KlaussModel/Falhas/Searcher/Dataset/dataset_synthetic/masks/img_0136.npy
img_0137.npy,0.0,1.0,0.49537435,0.20456341,0,1,"(128, 128, 128)",/media/grva-mintcave/BACKUP/marlim_faults/KlaussModel/Falhas/Searcher/Dataset/dataset_synthetic/images/img_0137.npy,/media/grva-mintcave/BACKUP/marlim_faults/KlaussModel/Falhas/Searcher/Dataset/dataset_synthetic/masks/img_0137.npy
img_0138.npy,0.0,1.0,0.5011126,0.20270526,0,1,"(128, 128, 128)",/media/grva-mintcave/BACKUP/marlim_faults/KlaussModel/Falhas/Searcher/Dataset/dataset_synthetic/images/img_0138.npy,/media/grva-mintcave/BACKUP/marlim_faults/KlaussModel/Falhas/Searcher/Dataset/dataset_synthetic/masks/img_0138.npy
img_0139.npy,0.0,1.0,0.49571842,0.20771965,0,1,"(128, 128, 128)",/media/grva-mintcave/BACKUP/marlim_faults/KlaussModel/Falhas/Searcher/Dataset/dataset_synthetic/images/img_0139.npy,/media/grva-mintcave/BACKUP/marlim_faults/KlaussModel/Falhas/Searcher/Dataset/dataset_synthetic/masks/img_0139.npy
img_0140.npy,0.0,1.0,0.49776083,0.21206762,0,1,"(128, 128, 128)",/media/grva-mintcave/BACKUP/marlim_faults/KlaussModel/Falhas/Searcher/Dataset/dataset_synthetic/images/img_0140.npy,/media/grva-mintcave/BACKUP/marlim_faults/KlaussModel/Falhas/Searcher/Dataset/dataset_synthetic/masks/img_0140.npy
img_0141.npy,0.0,1.0,0.49700996,0.21117446,0,1,"(128, 128, 128)",/media/grva-mintcave/BACKUP/marlim_faults/KlaussModel/Falhas/Searcher/Dataset/dataset_synthetic/images/img_0141.npy,/media/grva-mintcave/BACKUP/marlim_faults/KlaussModel/Falhas/Searcher/Dataset/dataset_synthetic/masks/img_0141.npy
img_0142.npy,0.0,1.0,0.49756825,0.21081612,0,1,"(128, 128, 128)",/media/grva-mintcave/BACKUP/marlim_faults/KlaussModel/Falhas/Searcher/Dataset/dataset_synthetic/images/img_0142.npy,/media/grva-mintcave/BACKUP/marlim_faults/KlaussModel/Falhas/Searcher/Dataset/dataset_synthetic/masks/img_0142.npy
img_0143.npy,0.0,1.0,0.49723572,0.21078172,0,1,"(128, 128, 128)",/media/grva-mintcave/BACKUP/marlim_faults/KlaussModel/Falhas/Searcher/Dataset/dataset_synthetic/images/img_0143.npy,/media/grva-mintcave/BACKUP/marlim_faults/KlaussModel/Falhas/Searcher/Dataset/dataset_synthetic/masks/img_0143.npy
img_0144.npy,0.0,1.0,0.49571696,0.20555452,0,1,"(128, 128, 128)",/media/grva-mintcave/BACKUP/marlim_faults/KlaussModel/Falhas/Searcher/Dataset/dataset_synthetic/images/img_0144.npy,/media/grva-mintcave/BACKUP/marlim_faults/KlaussModel/Falhas/Searcher/Dataset/dataset_synthetic/masks/img_0144.npy
img_0145.npy,0.0,1.0,0.4976513,0.20482852,0,1,"(128, 128, 128)",/media/grva-mintcave/BACKUP/marlim_faults/KlaussModel/Falhas/Searcher/Dataset/dataset_synthetic/images/img_0145.npy,/media/grva-mintcave/BACKUP/marlim_faults/KlaussModel/Falhas/Searcher/Dataset/dataset_synthetic/masks/img_0145.npy
img_0146.npy,0.0,1.0,0.497222,0.21121246,0,1,"(128, 128, 128)",/media/grva-mintcave/BACKUP/marlim_faults/KlaussModel/Falhas/Searcher/Dataset/dataset_synthetic/images/img_0146.npy,/media/grva-mintcave/BACKUP/marlim_faults/KlaussModel/Falhas/Searcher/Dataset/dataset_synthetic/masks/img_0146.npy
img_0147.npy,0.0,1.0,0.49740112,0.21119785,0,1,"(128, 128, 128)",/media/grva-mintcave/BACKUP/marlim_faults/KlaussModel/Falhas/Searcher/Dataset/dataset_synthetic/images/img_0147.npy,/media/grva-mintcave/BACKUP/marlim_faults/KlaussModel/Falhas/Searcher/Dataset/dataset_synthetic/masks/img_0147.npy
img_0148.npy,0.0,1.0,0.49788243,0.20384844,0,1,"(128, 128, 128)",/media/grva-mintcave/BACKUP/marlim_faults/KlaussModel/Falhas/Searcher/Dataset/dataset_synthetic/images/img_0148.npy,/media/grva-mintcave/BACKUP/marlim_faults/KlaussModel/Falhas/Searcher/Dataset/dataset_synthetic/masks/img_0148.npy
img_0149.npy,0.0,1.0,0.49754196,0.2028155,0,1,"(128, 128, 128)",/media/grva-mintcave/BACKUP/marlim_faults/KlaussModel/Falhas/Searcher/Dataset/dataset_synthetic/images/img_0149.npy,/media/grva-mintcave/BACKUP/marlim_faults/KlaussModel/Falhas/Searcher/Dataset/dataset_synthetic/masks/img_0149.npy
img_0150.npy,0.0,1.0,0.49612704,0.20906223,0,1,"(128, 128, 128)",/media/grva-mintcave/BACKUP/marlim_faults/KlaussModel/Falhas/Searcher/Dataset/dataset_synthetic/images/img_0150.npy,/media/grva-mintcave/BACKUP/marlim_faults/KlaussModel/Falhas/Searcher/Dataset/dataset_synthetic/masks/img_0150.npy
img_0151.npy,0.0,1.0,0.49931276,0.20409474,0,1,"(128, 128, 128)",/media/grva-mintcave/BACKUP/marlim_faults/KlaussModel/Falhas/Searcher/Dataset/dataset_synthetic/images/img_0151.npy,/media/grva-mintcave/BACKUP/marlim_faults/KlaussModel/Falhas/Searcher/Dataset/dataset_synthetic/masks/img_0151.npy
img_0152.npy,0.0,1.0,0.49783006,0.21095829,0,1,"(128, 128, 128)",/media/grva-mintcave/BACKUP/marlim_faults/KlaussModel/Falhas/Searcher/Dataset/dataset_synthetic/images/img_0152.npy,/media/grva-mintcave/BACKUP/marlim_faults/KlaussModel/Falhas/Searcher/Dataset/dataset_synthetic/masks/img_0152.npy
img_0153.npy,0.0,1.0,0.4976406,0.21229567,0,1,"(128, 128, 128)",/media/grva-mintcave/BACKUP/marlim_faults/KlaussModel/Falhas/Searcher/Dataset/dataset_synthetic/images/img_0153.npy,/media/grva-mintcave/BACKUP/marlim_faults/KlaussModel/Falhas/Searcher/Dataset/dataset_synthetic/masks/img_0153.npy
img_0154.npy,0.0,1.0,0.4972058,0.2104292,0,1,"(128, 128, 128)",/media/grva-mintcave/BACKUP/marlim_faults/KlaussModel/Falhas/Searcher/Dataset/dataset_synthetic/images/img_0154.npy,/media/grva-mintcave/BACKUP/marlim_faults/KlaussModel/Falhas/Searcher/Dataset/dataset_synthetic/masks/img_0154.npy
img_0155.npy,0.0,1.0,0.4968643,0.20656466,0,1,"(128, 128, 128)",/media/grva-mintcave/BACKUP/marlim_faults/KlaussModel/Falhas/Searcher/Dataset/dataset_synthetic/images/img_0155.npy,/media/grva-mintcave/BACKUP/marlim_faults/KlaussModel/Falhas/Searcher/Dataset/dataset_synthetic/masks/img_0155.npy
img_0156.npy,0.0,1.0,0.49681786,0.21048364,0,1,"(128, 128, 128)",/media/grva-mintcave/BACKUP/marlim_faults/KlaussModel/Falhas/Searcher/Dataset/dataset_synthetic/images/img_0156.npy,/media/grva-mintcave/BACKUP/marlim_faults/KlaussModel/Falhas/Searcher/Dataset/dataset_synthetic/masks/img_0156.npy
img_0157.npy,0.0,1.0,0.49912333,0.20863113,0,1,"(128, 128, 128)",/media/grva-mintcave/BACKUP/marlim_faults/KlaussModel/Falhas/Searcher/Dataset/dataset_synthetic/images/img_0157.npy,/media/grva-mintcave/BACKUP/marlim_faults/KlaussModel/Falhas/Searcher/Dataset/dataset_synthetic/masks/img_0157.npy
img_0158.npy,0.0,1.0,0.4975463,0.21255496,0,1,"(128, 128, 128)",/media/grva-mintcave/BACKUP/marlim_faults/KlaussModel/Falhas/Searcher/Dataset/dataset_synthetic/images/img_0158.npy,/media/grva-mintcave/BACKUP/marlim_faults/KlaussModel/Falhas/Searcher/Dataset/dataset_synthetic/masks/img_0158.npy
img_0159.npy,0.0,1.0,0.4990479,0.20196883,0,1,"(128, 128, 128)",/media/grva-mintcave/BACKUP/marlim_faults/KlaussModel/Falhas/Searcher/Dataset/dataset_synthetic/images/img_0159.npy,/media/grva-mintcave/BACKUP/marlim_faults/KlaussModel/Falhas/Searcher/Dataset/dataset_synthetic/masks/img_0159.npy
img_0160.npy,0.0,1.0,0.4981146,0.20942591,0,1,"(128, 128, 128)",/media/grva-mintcave/BACKUP/marlim_faults/KlaussModel/Falhas/Searcher/Dataset/dataset_synthetic/images/img_0160.npy,/media/grva-mintcave/BACKUP/marlim_faults/KlaussModel/Falhas/Searcher/Dataset/dataset_synthetic/masks/img_0160.npy
img_0161.npy,0.0,1.0,0.49779826,0.21130931,0,1,"(128, 128, 128)",/media/grva-mintcave/BACKUP/marlim_faults/KlaussModel/Falhas/Searcher/Dataset/dataset_synthetic/images/img_0161.npy,/media/grva-mintcave/BACKUP/marlim_faults/KlaussModel/Falhas/Searcher/Dataset/dataset_synthetic/masks/img_0161.npy
img_0162.npy,0.0,1.0,0.49725848,0.2115193,0,1,"(128, 128, 128)",/media/grva-mintcave/BACKUP/marlim_faults/KlaussModel/Falhas/Searcher/Dataset/dataset_synthetic/images/img_0162.npy,/media/grva-mintcave/BACKUP/marlim_faults/KlaussModel/Falhas/Searcher/Dataset/dataset_synthetic/masks/img_0162.npy
img_0163.npy,0.0,1.0,0.49534,0.2065861,0,1,"(128, 128, 128)",/media/grva-mintcave/BACKUP/marlim_faults/KlaussModel/Falhas/Searcher/Dataset/dataset_synthetic/images/img_0163.npy,/media/grva-mintcave/BACKUP/marlim_faults/KlaussModel/Falhas/Searcher/Dataset/dataset_synthetic/masks/img_0163.npy
img_0164.npy,0.0,1.0,0.49720728,0.20796037,0,1,"(128, 128, 128)",/media/grva-mintcave/BACKUP/marlim_faults/KlaussModel/Falhas/Searcher/Dataset/dataset_synthetic/images/img_0164.npy,/media/grva-mintcave/BACKUP/marlim_faults/KlaussModel/Falhas/Searcher/Dataset/dataset_synthetic/masks/img_0164.npy
img_0165.npy,0.0,1.0,0.49713415,0.21110824,0,1,"(128, 128, 128)",/media/grva-mintcave/BACKUP/marlim_faults/KlaussModel/Falhas/Searcher/Dataset/dataset_synthetic/images/img_0165.npy,/media/grva-mintcave/BACKUP/marlim_faults/KlaussModel/Falhas/Searcher/Dataset/dataset_synthetic/masks/img_0165.npy
img_0166.npy,0.0,1.0,0.49791878,0.2108852,0,1,"(128, 128, 128)",/media/grva-mintcave/BACKUP/marlim_faults/KlaussModel/Falhas/Searcher/Dataset/dataset_synthetic/images/img_0166.npy,/media/grva-mintcave/BACKUP/marlim_faults/KlaussModel/Falhas/Searcher/Dataset/dataset_synthetic/masks/img_0166.npy
img_0167.npy,0.0,1.0,0.49442512,0.20099218,0,1,"(128, 128, 128)",/media/grva-mintcave/BACKUP/marlim_faults/KlaussModel/Falhas/Searcher/Dataset/dataset_synthetic/images/img_0167.npy,/media/grva-mintcave/BACKUP/marlim_faults/KlaussModel/Falhas/Searcher/Dataset/dataset_synthetic/masks/img_0167.npy
img_0168.npy,0.0,1.0,0.49925154,0.20653217,0,1,"(128, 128, 128)",/media/grva-mintcave/BACKUP/marlim_faults/KlaussModel/Falhas/Searcher/Dataset/dataset_synthetic/images/img_0168.npy,/media/grva-mintcave/BACKUP/marlim_faults/KlaussModel/Falhas/Searcher/Dataset/dataset_synthetic/masks/img_0168.npy
img_0169.npy,0.0,1.0,0.497114,0.21153292,0,1,"(128, 128, 128)",/media/grva-mintcave/BACKUP/marlim_faults/KlaussModel/Falhas/Searcher/Dataset/dataset_synthetic/images/img_0169.npy,/media/grva-mintcave/BACKUP/marlim_faults/KlaussModel/Falhas/Searcher/Dataset/dataset_synthetic/masks/img_0169.npy
img_0170.npy,0.0,1.0,0.49765593,0.21120065,0,1,"(128, 128, 128)",/media/grva-mintcave/BACKUP/marlim_faults/KlaussModel/Falhas/Searcher/Dataset/dataset_synthetic/images/img_0170.npy,/media/grva-mintcave/BACKUP/marlim_faults/KlaussModel/Falhas/Searcher/Dataset/dataset_synthetic/masks/img_0170.npy
img_0171.npy,0.0,1.0,0.4977128,0.21034585,0,1,"(128, 128, 128)",/media/grva-mintcave/BACKUP/marlim_faults/KlaussModel/Falhas/Searcher/Dataset/dataset_synthetic/images/img_0171.npy,/media/grva-mintcave/BACKUP/marlim_faults/KlaussModel/Falhas/Searcher/Dataset/dataset_synthetic/masks/img_0171.npy
img_0172.npy,0.0,1.0,0.49818048,0.20929877,0,1,"(128, 128, 128)",/media/grva-mintcave/BACKUP/marlim_faults/KlaussModel/Falhas/Searcher/Dataset/dataset_synthetic/images/img_0172.npy,/media/grva-mintcave/BACKUP/marlim_faults/KlaussModel/Falhas/Searcher/Dataset/dataset_synthetic/masks/img_0172.npy
img_0173.npy,0.0,1.0,0.49698314,0.21120434,0,1,"(128, 128, 128)",/media/grva-mintcave/BACKUP/marlim_faults/KlaussModel/Falhas/Searcher/Dataset/dataset_synthetic/images/img_0173.npy,/media/grva-mintcave/BACKUP/marlim_faults/KlaussModel/Falhas/Searcher/Dataset/dataset_synthetic/masks/img_0173.npy
img_0174.npy,0.0,1.0,0.5012051,0.20115377,0,1,"(128, 128, 128)",/media/grva-mintcave/BACKUP/marlim_faults/KlaussModel/Falhas/Searcher/Dataset/dataset_synthetic/images/img_0174.npy,/media/grva-mintcave/BACKUP/marlim_faults/KlaussModel/Falhas/Searcher/Dataset/dataset_synthetic/masks/img_0174.npy
img_0175.npy,0.0,1.0,0.49674162,0.20697045,0,1,"(128, 128, 128)",/media/grva-mintcave/BACKUP/marlim_faults/KlaussModel/Falhas/Searcher/Dataset/dataset_synthetic/images/img_0175.npy,/media/grva-mintcave/BACKUP/marlim_faults/KlaussModel/Falhas/Searcher/Dataset/dataset_synthetic/masks/img_0175.npy
img_0176.npy,0.0,1.0,0.49656558,0.20962925,0,1,"(128, 128, 128)",/media/grva-mintcave/BACKUP/marlim_faults/KlaussModel/Falhas/Searcher/Dataset/dataset_synthetic/images/img_0176.npy,/media/grva-mintcave/BACKUP/marlim_faults/KlaussModel/Falhas/Searcher/Dataset/dataset_synthetic/masks/img_0176.npy
img_0177.npy,0.0,1.0,0.49744615,0.21183649,0,1,"(128, 128, 128)",/media/grva-mintcave/BACKUP/marlim_faults/KlaussModel/Falhas/Searcher/Dataset/dataset_synthetic/images/img_0177.npy,/media/grva-mintcave/BACKUP/marlim_faults/KlaussModel/Falhas/Searcher/Dataset/dataset_synthetic/masks/img_0177.npy
img_0178.npy,0.0,1.0,0.4977137,0.21227194,0,1,"(128, 128, 128)",/media/grva-mintcave/BACKUP/marlim_faults/KlaussModel/Falhas/Searcher/Dataset/dataset_synthetic/images/img_0178.npy,/media/grva-mintcave/BACKUP/marlim_faults/KlaussModel/Falhas/Searcher/Dataset/dataset_synthetic/masks/img_0178.npy
img_0179.npy,0.0,1.0,0.49759877,0.21239522,0,1,"(128, 128, 128)",/media/grva-mintcave/BACKUP/marlim_faults/KlaussModel/Falhas/Searcher/Dataset/dataset_synthetic/images/img_0179.npy,/media/grva-mintcave/BACKUP/marlim_faults/KlaussModel/Falhas/Searcher/Dataset/dataset_synthetic/masks/img_0179.npy
img_0180.npy,0.0,1.0,0.4966576,0.2088637,0,1,"(128, 128, 128)",/media/grva-mintcave/BACKUP/marlim_faults/KlaussModel/Falhas/Searcher/Dataset/dataset_synthetic/images/img_0180.npy,/media/grva-mintcave/BACKUP/marlim_faults/KlaussModel/Falhas/Searcher/Dataset/dataset_synthetic/masks/img_0180.npy
img_0181.npy,0.0,1.0,0.49769443,0.21104668,0,1,"(128, 128, 128)",/media/grva-mintcave/BACKUP/marlim_faults/KlaussModel/Falhas/Searcher/Dataset/dataset_synthetic/images/img_0181.npy,/media/grva-mintcave/BACKUP/marlim_faults/KlaussModel/Falhas/Searcher/Dataset/dataset_synthetic/masks/img_0181.npy
img_0182.npy,0.0,1.0,0.49733534,0.20895927,0,1,"(128, 128, 128)",/media/grva-mintcave/BACKUP/marlim_faults/KlaussModel/Falhas/Searcher/Dataset/dataset_synthetic/images/img_0182.npy,/media/grva-mintcave/BACKUP/marlim_faults/KlaussModel/Falhas/Searcher/Dataset/dataset_synthetic/masks/img_0182.npy
img_0183.npy,0.0,1.0,0.4970251,0.2084903,0,1,"(128, 128, 128)",/media/grva-mintcave/BACKUP/marlim_faults/KlaussModel/Falhas/Searcher/Dataset/dataset_synthetic/images/img_0183.npy,/media/grva-mintcave/BACKUP/marlim_faults/KlaussModel/Falhas/Searcher/Dataset/dataset_synthetic/masks/img_0183.npy
img_0184.npy,0.0,1.0,0.49784622,0.20429736,0,1,"(128, 128, 128)",/media/grva-mintcave/BACKUP/marlim_faults/KlaussModel/Falhas/Searcher/Dataset/dataset_synthetic/images/img_0184.npy,/media/grva-mintcave/BACKUP/marlim_faults/KlaussModel/Falhas/Searcher/Dataset/dataset_synthetic/masks/img_0184.npy
img_0185.npy,0.0,1.0,0.4975254,0.21222265,0,1,"(128, 128, 128)",/media/grva-mintcave/BACKUP/marlim_faults/KlaussModel/Falhas/Searcher/Dataset/dataset_synthetic/images/img_0185.npy,/media/grva-mintcave/BACKUP/marlim_faults/KlaussModel/Falhas/Searcher/Dataset/dataset_synthetic/masks/img_0185.npy
img_0186.npy,0.0,1.0,0.4993273,0.20698468,0,1,"(128, 128, 128)",/media/grva-mintcave/BACKUP/marlim_faults/KlaussModel/Falhas/Searcher/Dataset/dataset_synthetic/images/img_0186.npy,/media/grva-mintcave/BACKUP/marlim_faults/KlaussModel/Falhas/Searcher/Dataset/dataset_synthetic/masks/img_0186.npy
img_0187.npy,0.0,1.0,0.49734354,0.21142891,0,1,"(128, 128, 128)",/media/grva-mintcave/BACKUP/marlim_faults/KlaussModel/Falhas/Searcher/Dataset/dataset_synthetic/images/img_0187.npy,/media/grva-mintcave/BACKUP/marlim_faults/KlaussModel/Falhas/Searcher/Dataset/dataset_synthetic/masks/img_0187.npy
img_0188.npy,0.0,1.0,0.4967425,0.20819125,0,1,"(128, 128, 128)",/media/grva-mintcave/BACKUP/marlim_faults/KlaussModel/Falhas/Searcher/Dataset/dataset_synthetic/images/img_0188.npy,/media/grva-mintcave/BACKUP/marlim_faults/KlaussModel/Falhas/Searcher/Dataset/dataset_synthetic/masks/img_0188.npy
img_0189.npy,0.0,1.0,0.49654818,0.20797627,0,1,"(128, 128, 128)",/media/grva-mintcave/BACKUP/marlim_faults/KlaussModel/Falhas/Searcher/Dataset/dataset_synthetic/images/img_0189.npy,/media/grva-mintcave/BACKUP/marlim_faults/KlaussModel/Falhas/Searcher/Dataset/dataset_synthetic/masks/img_0189.npy
img_0190.npy,0.0,1.0,0.49682206,0.21070223,0,1,"(128, 128, 128)",/media/grva-mintcave/BACKUP/marlim_faults/KlaussModel/Falhas/Searcher/Dataset/dataset_synthetic/images/img_0190.npy,/media/grva-mintcave/BACKUP/marlim_faults/KlaussModel/Falhas/Searcher/Dataset/dataset_synthetic/masks/img_0190.npy
img_0191.npy,0.0,1.0,0.4976625,0.21176206,0,1,"(128, 128, 128)",/media/grva-mintcave/BACKUP/marlim_faults/KlaussModel/Falhas/Searcher/Dataset/dataset_synthetic/images/img_0191.npy,/media/grva-mintcave/BACKUP/marlim_faults/KlaussModel/Falhas/Searcher/Dataset/dataset_synthetic/masks/img_0191.npy
img_0192.npy,0.0,1.0,0.49759245,0.21221195,0,1,"(128, 128, 128)",/media/grva-mintcave/BACKUP/marlim_faults/KlaussModel/Falhas/Searcher/Dataset/dataset_synthetic/images/img_0192.npy,/media/grva-mintcave/BACKUP/marlim_faults/KlaussModel/Falhas/Searcher/Dataset/dataset_synthetic/masks/img_0192.npy
img_0193.npy,0.0,1.0,0.49554455,0.20399332,0,1,"(128, 128, 128)",/media/grva-mintcave/BACKUP/marlim_faults/KlaussModel/Falhas/Searcher/Dataset/dataset_synthetic/images/img_0193.npy,/media/grva-mintcave/BACKUP/marlim_faults/KlaussModel/Falhas/Searcher/Dataset/dataset_synthetic/masks/img_0193.npy
img_0194.npy,0.0,1.0,0.49620152,0.20715673,0,1,"(128, 128, 128)",/media/grva-mintcave/BACKUP/marlim_faults/KlaussModel/Falhas/Searcher/Dataset/dataset_synthetic/images/img_0194.npy,/media/grva-mintcave/BACKUP/marlim_faults/KlaussModel/Falhas/Searcher/Dataset/dataset_synthetic/masks/img_0194.npy
img_0195.npy,0.0,1.0,0.4974675,0.21232231,0,1,"(128, 128, 128)",/media/grva-mintcave/BACKUP/marlim_faults/KlaussModel/Falhas/Searcher/Dataset/dataset_synthetic/images/img_0195.npy,/media/grva-mintcave/BACKUP/marlim_faults/KlaussModel/Falhas/Searcher/Dataset/dataset_synthetic/masks/img_0195.npy
img_0196.npy,0.0,1.0,0.4985175,0.20585275,0,1,"(128, 128, 128)",/media/grva-mintcave/BACKUP/marlim_faults/KlaussModel/Falhas/Searcher/Dataset/dataset_synthetic/images/img_0196.npy,/media/grva-mintcave/BACKUP/marlim_faults/KlaussModel/Falhas/Searcher/Dataset/dataset_synthetic/masks/img_0196.npy
img_0197.npy,0.0,1.0,0.49791756,0.20569538,0,1,"(128, 128, 128)",/media/grva-mintcave/BACKUP/marlim_faults/KlaussModel/Falhas/Searcher/Dataset/dataset_synthetic/images/img_0197.npy,/media/grva-mintcave/BACKUP/marlim_faults/KlaussModel/Falhas/Searcher/Dataset/dataset_synthetic/masks/img_0197.npy
img_0198.npy,0.0,1.0,0.49820605,0.2049412,0,1,"(128, 128, 128)",/media/grva-mintcave/BACKUP/marlim_faults/KlaussModel/Falhas/Searcher/Dataset/dataset_synthetic/images/img_0198.npy,/media/grva-mintcave/BACKUP/marlim_faults/KlaussModel/Falhas/Searcher/Dataset/dataset_synthetic/masks/img_0198.npy
img_0199.npy,0.0,1.0,0.4977889,0.21027468,0,1,"(128, 128, 128)",/media/grva-mintcave/BACKUP/marlim_faults/KlaussModel/Falhas/Searcher/Dataset/dataset_synthetic/images/img_0199.npy,/media/grva-mintcave/BACKUP/marlim_faults/KlaussModel/Falhas/Searcher/Dataset/dataset_synthetic/masks/img_0199.npy
img_0200.npy,0.0,1.0,0.49814618,0.21041916,0,1,"(128, 128, 128)",/media/grva-mintcave/BACKUP/marlim_faults/KlaussModel/Falhas/Searcher/Dataset/dataset_synthetic/images/img_0200.npy,/media/grva-mintcave/BACKUP/marlim_faults/KlaussModel/Falhas/Searcher/Dataset/dataset_synthetic/masks/img_0200.npy
img_0201.npy,0.0,1.0,0.4985608,0.20729433,0,1,"(128, 128, 128)",/media/grva-mintcave/BACKUP/marlim_faults/KlaussModel/Falhas/Searcher/Dataset/dataset_synthetic/images/img_0201.npy,/media/grva-mintcave/BACKUP/marlim_faults/KlaussModel/Falhas/Searcher/Dataset/dataset_synthetic/masks/img_0201.npy
img_0202.npy,0.0,1.0,0.49872416,0.20837565,0,1,"(128, 128, 128)",/media/grva-mintcave/BACKUP/marlim_faults/KlaussModel/Falhas/Searcher/Dataset/dataset_synthetic/images/img_0202.npy,/media/grva-mintcave/BACKUP/marlim_faults/KlaussModel/Falhas/Searcher/Dataset/dataset_synthetic/masks/img_0202.npy
img_0203.npy,0.0,1.0,0.49834585,0.20900212,0,1,"(128, 128, 128)",/media/grva-mintcave/BACKUP/marlim_faults/KlaussModel/Falhas/Searcher/Dataset/dataset_synthetic/images/img_0203.npy,/media/grva-mintcave/BACKUP/marlim_faults/KlaussModel/Falhas/Searcher/Dataset/dataset_synthetic/masks/img_0203.npy
img_0204.npy,0.0,1.0,0.4971679,0.21102914,0,1,"(128, 128, 128)",/media/grva-mintcave/BACKUP/marlim_faults/KlaussModel/Falhas/Searcher/Dataset/dataset_synthetic/images/img_0204.npy,/media/grva-mintcave/BACKUP/marlim_faults/KlaussModel/Falhas/Searcher/Dataset/dataset_synthetic/masks/img_0204.npy
img_0205.npy,0.0,1.0,0.49589494,0.20663467,0,1,"(128, 128, 128)",/media/grva-mintcave/BACKUP/marlim_faults/KlaussModel/Falhas/Searcher/Dataset/dataset_synthetic/images/img_0205.npy,/media/grva-mintcave/BACKUP/marlim_faults/KlaussModel/Falhas/Searcher/Dataset/dataset_synthetic/masks/img_0205.npy
img_0206.npy,0.0,1.0,0.4976739,0.20950465,0,1,"(128, 128, 128)",/media/grva-mintcave/BACKUP/marlim_faults/KlaussModel/Falhas/Searcher/Dataset/dataset_synthetic/images/img_0206.npy,/media/grva-mintcave/BACKUP/marlim_faults/KlaussModel/Falhas/Searcher/Dataset/dataset_synthetic/masks/img_0206.npy
img_0207.npy,0.0,1.0,0.49572045,0.20680766,0,1,"(128, 128, 128)",/media/grva-mintcave/BACKUP/marlim_faults/KlaussModel/Falhas/Searcher/Dataset/dataset_synthetic/images/img_0207.npy,/media/grva-mintcave/BACKUP/marlim_faults/KlaussModel/Falhas/Searcher/Dataset/dataset_synthetic/masks/img_0207.npy
img_0208.npy,0.0,1.0,0.49575028,0.20393923,0,1,"(128, 128, 128)",/media/grva-mintcave/BACKUP/marlim_faults/KlaussModel/Falhas/Searcher/Dataset/dataset_synthetic/images/img_0208.npy,/media/grva-mintcave/BACKUP/marlim_faults/KlaussModel/Falhas/Searcher/Dataset/dataset_synthetic/masks/img_0208.npy
img_0209.npy,0.0,1.0,0.49885517,0.20825264,0,1,"(128, 128, 128)",/media/grva-mintcave/BACKUP/marlim_faults/KlaussModel/Falhas/Searcher/Dataset/dataset_synthetic/images/img_0209.npy,/media/grva-mintcave/BACKUP/marlim_faults/KlaussModel/Falhas/Searcher/Dataset/dataset_synthetic/masks/img_0209.npy
img_0210.npy,0.0,1.0,0.4982469,0.20654492,0,1,"(128, 128, 128)",/media/grva-mintcave/BACKUP/marlim_faults/KlaussModel/Falhas/Searcher/Dataset/dataset_synthetic/images/img_0210.npy,/media/grva-mintcave/BACKUP/marlim_faults/KlaussModel/Falhas/Searcher/Dataset/dataset_synthetic/masks/img_0210.npy
img_0211.npy,0.0,1.0,0.50024223,0.20382589,0,1,"(128, 128, 128)",/media/grva-mintcave/BACKUP/marlim_faults/KlaussModel/Falhas/Searcher/Dataset/dataset_synthetic/images/img_0211.npy,/media/grva-mintcave/BACKUP/marlim_faults/KlaussModel/Falhas/Searcher/Dataset/dataset_synthetic/masks/img_0211.npy
img_0212.npy,0.0,1.0,0.49657094,0.20480399,0,1,"(128, 128, 128)",/media/grva-mintcave/BACKUP/marlim_faults/KlaussModel/Falhas/Searcher/Dataset/dataset_synthetic/images/img_0212.npy,/media/grva-mintcave/BACKUP/marlim_faults/KlaussModel/Falhas/Searcher/Dataset/dataset_synthetic/masks/img_0212.npy
img_0213.npy,0.0,1.0,0.49810737,0.20917507,0,1,"(128, 128, 128)",/media/grva-mintcave/BACKUP/marlim_faults/KlaussModel/Falhas/Searcher/Dataset/dataset_synthetic/images/img_0213.npy,/media/grva-mintcave/BACKUP/marlim_faults/KlaussModel/Falhas/Searcher/Dataset/dataset_synthetic/masks/img_0213.npy
img_0214.npy,0.0,1.0,0.49929214,0.20762718,0,1,"(128, 128, 128)",/media/grva-mintcave/BACKUP/marlim_faults/KlaussModel/Falhas/Searcher/Dataset/dataset_synthetic/images/img_0214.npy,/media/grva-mintcave/BACKUP/marlim_faults/KlaussModel/Falhas/Searcher/Dataset/dataset_synthetic/masks/img_0214.npy
img_0215.npy,0.0,1.0,0.49749017,0.21249308,0,1,"(128, 128, 128)",/media/grva-mintcave/BACKUP/marlim_faults/KlaussModel/Falhas/Searcher/Dataset/dataset_synthetic/images/img_0215.npy,/media/grva-mintcave/BACKUP/marlim_faults/KlaussModel/Falhas/Searcher/Dataset/dataset_synthetic/masks/img_0215.npy
img_0216.npy,0.0,1.0,0.4968034,0.20929763,0,1,"(128, 128, 128)",/media/grva-mintcave/BACKUP/marlim_faults/KlaussModel/Falhas/Searcher/Dataset/dataset_synthetic/images/img_0216.npy,/media/grva-mintcave/BACKUP/marlim_faults/KlaussModel/Falhas/Searcher/Dataset/dataset_synthetic/masks/img_0216.npy
img_0217.npy,0.0,1.0,0.49717364,0.20927353,0,1,"(128, 128, 128)",/media/grva-mintcave/BACKUP/marlim_faults/KlaussModel/Falhas/Searcher/Dataset/dataset_synthetic/images/img_0217.npy,/media/grva-mintcave/BACKUP/marlim_faults/KlaussModel/Falhas/Searcher/Dataset/dataset_synthetic/masks/img_0217.npy
img_0218.npy,0.0,1.0,0.49703693,0.21153925,0,1,"(128, 128, 128)",/media/grva-mintcave/BACKUP/marlim_faults/KlaussModel/Falhas/Searcher/Dataset/dataset_synthetic/images/img_0218.npy,/media/grva-mintcave/BACKUP/marlim_faults/KlaussModel/Falhas/Searcher/Dataset/dataset_synthetic/masks/img_0218.npy
img_0219.npy,0.0,1.0,0.49771774,0.20886964,0,1,"(128, 128, 128)",/media/grva-mintcave/BACKUP/marlim_faults/KlaussModel/Falhas/Searcher/Dataset/dataset_synthetic/images/img_0219.npy,/media/grva-mintcave/BACKUP/marlim_faults/KlaussModel/Falhas/Searcher/Dataset/dataset_synthetic/masks/img_0219.npy
