trial,timestamp,model_id,status,iou_wu,faultCount_max,faultCount_min,faultCurveMax,faultCurveProb,faultDecaySigma_max,faultDecaySigma_min,faultDipAngle_max,faultDipAngle_min,faultRoughSigma,faultRoughness,faultThreshold,faultThrow_max,faultThrow_min,faultZoneWidth,foldAmplitude_max,foldAmplitude_min,foldBaseShift_max,foldBaseShift_min,foldCount_max,foldCount_min,foldDamping,foldSigma_max,foldSigma_min,layerRange_max,layerRange_min,layerThickness_max,layerThickness_min,noiseLevel_max,noiseLevel_min,shearGradient_max,shearGradient_min,shearOffset_max,shearOffset_min,waveletDt,waveletDuration,waveletFreq_max,waveletFreq_min
1,2026-06-10T18:28:11.538217,model_2,COMPLETE,0.192165,9,4,4.645269111408631,0.0801927682679985,64,55,61,26,6.288734834278877,3.564532903055842,0.7146901982034297,41,6,1.4313157645099457,11,-23,5.99465584480253,0.3946844825669799,25,7,0.5617534828874073,107,4,338,75,7,3,0.2479989499626909,0.040419867405823,0.0208605906515607,-0.1669871882263819,1.8636872540532543,-9.664269782538964,0.0048453441488355,0.1433551198429333,97,41
2,2026-06-10T21:17:39.237992,model_3,COMPLETE,0.345557,15,4,5.813181884524238,0.1416007462335957,83,57,63,22,4.349164833625907,3.720741027826374,0.6798872582107739,19,3,0.9180559213122376,-1,-20,2.109126733153162,-1.0865140222985212,17,16,2.0602040635334324,46,33,271,41,3,2,0.5800499284956422,0.0002761058561801,0.0710603247863501,-0.0308901905184459,6.313496175208359,-1.334569094589856,0.0013942205669037,0.1203918200085654,347,32
3,2026-06-11T01:01:28.488506,model_4,COMPLETE,0.391557,13,5,6.445398843556558,0.3805709492570567,43,20,71,42,1.7669008308129994,3.992787128509848,0.5200491867534287,49,9,1.7001029047803171,-9,-35,5.377637070028385,-1.8618583729063851,22,13,1.4329469651469866,82,31,282,115,4,2,0.2383384443939492,0.0038489954914396,0.0051655109047556,-0.1150013134708491,7.154095569322449,-4.986867815092656,0.0015295917447123,0.1182216480105963,191,48
4,2026-06-11T04:35:18.810433,model_5,COMPLETE,0.199859,10,1,2.510693774952185,0.6755907417123722,125,41,63,25,4.89363078621793,7.600367927387634,0.9802474579046724,21,7,1.0999851252344468,15,-26,1.6603115471660606,-1.8869878375984763,68,27,3.18827389977048,110,9,333,49,7,4,0.3767413650987599,0.0304782166989948,0.0681620995767891,-0.0527573421339512,3.7033084146969215,-9.49271321203864,0.0006659912630953,0.0570292642690707,161,72
6,2026-06-11T07:39:40.982168,model_6,COMPLETE,0.401397,14,1,2.4234945249808004,0.5129164938758982,123,42,77,24,3.188484539883736,1.0354310869235308,0.4569885166223918,10,10,1.7343147709057214,0,-21,6.382661559715462,-0.459155123954162,21,9,1.547628723837983,110,32,305,109,6,3,0.4194005921680565,0.0328806446150171,0.0021518970245791,-0.0844343036922282,6.349066593932179,-2.2420493330837097,0.0043215053472238,0.1044522768761379,282,56
7,2026-06-11T11:22:09.037501,model_7,COMPLETE,0.151409,15,2,6.106820029101142,0.3003135235912513,156,64,50,37,5.9959335573318,7.498229938114077,0.50611422444871,56,15,2.176620802028192,5,-14,2.1714579267882668,-1.2761880716339764,40,30,2.230711653879077,83,32,192,41,4,2,0.4205397605580872,0.0348014898337486,0.0498651451521092,-0.1956231260423383,2.6057927183064185,-4.053026732123442,0.0047126964837235,0.0923841641195855,125,55
8,2026-06-11T13:35:18.841592,model_8,COMPLETE,0.486629,11,5,4.5449995634140645,0.2362518138833848,44,44,63,60,2.4868103683291247,3.629080668479608,0.6798512442953035,50,11,1.3243156398914124,1,-18,5.8606803680750845,-0.1672359558252023,72,17,1.38077553279348,90,27,254,41,4,3,0.3894581190356228,0.0063530256325942,0.0376288850484119,-0.1079583682050312,7.3493041441735345,-2.46220449561886,0.0021208578863506,0.1269380728857555,90,27
9,2026-06-11T16:59:27.136944,model_9,COMPLETE,0.123545,14,6,4.326124315068404,0.5296329958522494,119,51,56,27,7.266879979414265,2.7517002871521674,0.9684056964642358,30,11,0.9158545732810744,20,-17,5.771117168612222,-1.869652344705639,50,4,2.048901044903586,84,20,154,123,3,2,0.0593557676093413,0.0378923055232184,-0.0028451868096861,-0.1858778513583921,3.792285655292271,-9.020845236117184,0.0021018770539306,0.0522050286351504,193,83
10,2026-06-11T20:22:07.992178,model_10,COMPLETE,0.216417,4,3,1.037522068763558,0.6874249949629732,87,30,90,65,10.577616772780186,5.75874431633734,0.3549236694767464,35,14,0.3727550169856228,-10,-47,4.019680448849059,-2.927432698123617,60,23,3.4449416445168035,22,16,145,101,10,1,0.677663705494063,0.0192693988796433,0.0313045459788332,-0.1474555868788422,0.9099215573872677,-7.222081010679476,0.0035970328037758,0.0788049137940926,252,115
11,2026-06-11T23:58:51.591722,model_11,COMPLETE,0.556526,11,4,3.868777967032479,0.1995997904645626,42,41,88,58,9.13312989377447,5.256883626055133,0.8456102692429002,59,12,1.3591147981977505,2,-6,4.546126563207682,0.2814640577810792,78,17,0.8432552892253553,65,23,221,72,5,1,0.3336631796187401,0.0109589009178366,0.0382955928855287,-0.0773940936579542,7.845691938295585,-7.0706429225895455,0.0026965585560855,0.1497073921438891,102,101
12,2026-06-12T01:27:54.982884,model_12,COMPLETE,0.346852,7,3,3.305849993735739,0.1890547950838919,86,34,88,53,9.773904044722949,5.536936786746159,0.8627311068933057,60,13,2.229453026726657,6,-5,4.183581414116152,0.4365233673218821,75,20,0.6296025486229428,60,18,217,75,6,1,0.1071765246621672,0.0132197859269542,0.048253986779656,-0.0685984633946637,4.913256362202065,-7.429358198602845,0.0029696554272588,0.0243863399110611,240,106
13,2026-06-12T03:15:33.633576,model_13,COMPLETE,0.430771,5,4,3.4144003867057267,0.0507276339423662,64,37,82,54,8.920182507361655,5.449078976558313,0.8481314086542886,42,7,1.7114570894094383,-4,-5,4.068472064249553,-1.0138580617904094,36,13,2.685597376594279,63,12,225,76,5,1,0.3330240374154855,0.0136191477731697,0.0210865818101652,-0.1312400698776832,4.628654548770936,-11.841666876773957,0.002919825665568,0.1457979017612315,135,97
14,2026-06-12T05:07:28.149178,model_14,COMPLETE,0.458595,8,3,3.4798406630241008,0.4053616152484015,155,48,83,51,11.727881582769148,4.822768523254611,0.8644078998288668,25,5,0.5660266155381766,7,-34,2.9144533257105683,-2.799376377400997,59,12,0.9602536173680754,65,25,230,91,9,2,0.497526092237984,0.0207090256738971,0.0544228584906504,-0.0879582116196186,7.889058106777048,-6.92754888433625,0.0025621223702185,0.073124647096504,229,74
15,2026-06-12T06:52:17.406008,model_15,COMPLETE,0.458552,11,5,1.722652493476739,0.2760889947272407,102,18,72,38,8.434012762013566,6.382555166413931,0.6045034529139228,38,2,1.214938129958442,-5,-10,4.873532802307761,-0.0176619175906684,79,19,1.6897462171235909,45,3,130,92,8,1,0.299969516644782,0.009394934702284,0.0185532942413381,-0.0517628672085499,2.499002354613705,-6.308353070394769,0.0037869003193297,0.0948184206715989,131,92
16,2026-06-12T08:41:16.547420,model_16,COMPLETE,0.350546,6,4,5.326829609255489,0.1517575259351617,62,27,84,59,8.100150670494333,2.5173064602926742,0.7814817439411064,48,9,1.9590556328389668,3,-29,3.167717892291104,-0.6725481479180402,64,23,0.774546669629367,70,22,201,60,5,2,0.1629654592271886,0.0245805426260669,0.0377030848685178,-0.0340583455517548,5.897653772785366,-5.592001237067423,0.0012844853866028,0.0552507013709761,315,118
34,2026-06-12T12:58:36.273304,model_17,COMPLETE,0.509055,12,5,3.971908716580895,0.2296306091276551,52,47,79,61,5.150151020214118,4.657272660719426,0.9245593798122888,54,12,1.5091065606740652,9,-10,4.748448508409189,0.1365282606671632,72,16,1.125569473075838,95,27,250,60,3,1,0.482258676721644,0.0088720657817393,0.042111483878424,-0.0707601413794822,7.444850222878546,-8.105529230419688,0.0025895082462559,0.1356996974642507,102,65
35,2026-06-12T14:30:03.999628,model_18,COMPLETE,0.541689,12,4,3.9516007103539272,0.2123890040553999,53,47,79,56,5.086275996822669,4.718859888143722,0.9236254089168112,55,12,1.503064058965375,9,-10,4.656212645648052,0.1986601900935632,76,15,1.1150010279143063,53,28,246,64,5,1,0.48406509222966,0.0092018411234088,0.0283982288486576,-0.0642577344264304,6.820666994436971,-8.080774682150649,0.0024551879125974,0.1349591806870217,111,66
36,2026-06-12T15:54:03.388667,model_19,COMPLETE,0.471511,12,4,3.939277772064017,0.1071698885745165,54,37,87,47,5.607443554597813,4.40085758449148,0.9119061485894832,54,13,1.5370453535879085,10,-8,3.533224512147043,0.2093747042647423,79,15,1.1066826796555098,52,24,242,68,5,1,0.2865540821203258,0.0019869897729189,0.0277008868983215,-0.0747435808461768,6.826697900149965,-8.140764865679438,0.0032993759219331,0.1342215108557943,107,63
37,2026-06-12T17:44:09.606684,model_20,COMPLETE,0.603279,10,4,2.937497812261823,0.3566093598316228,73,39,74,57,3.782966921423745,6.308075972985061,0.8089155520648906,45,12,1.072812964484691,9,-13,5.11896801473077,0.1398418381957739,68,10,0.9136297864215052,36,6,176,66,6,1,0.5436207159833172,0.0054816500317182,0.0131996920763768,-0.0989029020284819,6.887338818792271,-10.569625139695347,0.0017157278772284,0.1366451193692585,86,80
38,2026-06-12T19:32:10.448904,model_21,COMPLETE,0.492375,9,4,2.931756940963658,0.345244095185769,75,39,67,47,3.763218176107941,6.629619949730321,0.7336330170022959,59,12,1.061105231578741,3,-14,6.824739317901067,-0.2542198522829175,54,9,0.8430213407492251,36,7,174,83,6,1,0.6049416607409913,0.0041098522441376,0.0150326205573864,-0.0924762153177068,7.889058106777048,-10.831949587236537,0.0018311560606823,0.1495080528683209,82,81
39,2026-06-12T21:24:06.852374,model_22,COMPLETE,0.359601,10,2,2.8127573942490307,0.2660605551321826,102,33,75,57,4.105258040716279,6.92427627941886,0.8054938593742496,45,8,0.729209461514351,12,-8,5.361395456316485,-2.3110645227663262,68,10,1.2537892087323894,36,6,186,53,6,1,0.1801401364647066,0.0164025314374659,0.0115512808959024,-0.0967457125176648,6.772440473339529,-10.654530300557,0.000999970430254,0.1389259469819557,151,104
40,2026-06-12T23:10:10.488384,model_23,COMPLETE,0.485254,9,3,2.037797852722452,0.4544871489586883,74,44,68,62,6.648288627981189,5.142923567659536,0.8179518723810949,45,10,1.0114379445527013,14,-13,5.186277650787233,0.2728619355088588,65,6,0.951615395951614,75,12,174,84,7,1,0.5358682001820433,0.0065430420746534,0.0096973480789184,-0.1244058645965703,5.55174810128979,-4.141508342015176,0.0017168481994948,0.1110194179000919,177,89
41,2026-06-13T01:11:34.037502,model_24,COMPLETE,0.601663,13,5,2.9058997829381528,0.3327948095042535,96,51,86,49,10.095795773791467,6.079288482582455,0.7466112876226817,52,14,0.7644669521847187,17,-12,3.583241165022,-0.6975222115367284,32,11,1.8685218073715475,35,9,204,69,4,1,0.348798112825088,0.0006578427445711,0.0252776025959133,-0.0996492284186763,7.991426423385501,-10.654916333371002,0.0023569383876528,0.1290976930980467,111,101
42,2026-06-13T03:15:59.589793,model_25,COMPLETE,0.587816,13,6,2.991102322545838,0.3345124234801411,95,52,74,49,10.493140579444525,7.029235146293207,0.7396373499375947,51,14,0.8043982947249493,17,-42,3.616986207379517,-1.496741521448596,32,11,1.8924357527307056,120,9,206,53,2,1,0.6386830916768407,0.0003491933051947,0.0257044153025584,-0.1003859291427867,6.630631881233481,-10.40488301547402,0.0018276707979565,0.1261174737261668,149,109
43,2026-06-13T05:21:42.261562,model_26,COMPLETE,0.539144,13,6,2.949357019367928,0.33052845133794,96,52,74,45,11.03769376700123,7.064326230967692,0.7431518015046661,53,13,0.7793111248432811,17,-39,3.587183027859446,-1.5096752015460289,42,10,1.8539299011452297,116,9,200,55,2,1,0.5396981799758771,0.0001387677623076,0.0253266915542976,-0.0989092065646273,7.536691500499908,-10.748734416447984,0.0019033142432552,0.1279224839341578,151,112
44,2026-06-13T07:25:13.999166,model_27,COMPLETE,0.612585,13,6,6.974360603332311,0.4628652895993105,95,61,80,50,9.712185211761485,6.10348076250743,0.6439868223192274,52,14,0.8305663339051722,17,-42,3.635770776064942,-1.5634712264655333,33,11,1.8398821249070916,33,7,208,32,2,1,0.6277607701210207,0.0031367369881089,0.031502789042162,-0.11844522958616,6.788698830024964,-10.298816080035843,0.0022862661698352,0.1114787657881865,115,110
45,2026-06-13T09:30:23.505681,model_28,COMPLETE,0.643302,13,6,1.9630456105253984,0.608359591896041,94,61,80,50,9.920359024036328,6.010173446254434,0.6053694275120645,45,15,0.82309120311074,17,-44,3.60468088706921,-1.6100953352200404,32,11,2.443728848538366,30,7,206,33,2,1,0.6173079768314745,0.0033860452239727,0.0332120941825986,-0.1196664994642133,5.899757118920406,-10.184095079004468,0.0023134720763757,0.1111305586344958,117,109
46,2026-06-13T11:36:45.105778,model_29,COMPLETE,0.53679,14,6,2.0383971885877217,0.6085033538919631,111,61,78,42,9.777696930861518,5.95253553593147,0.6011380109162107,45,15,0.6158086071736262,18,-50,2.7041006586300385,-0.7651239743513742,27,6,2.522778126791948,30,6,179,30,2,1,0.6163583916494969,0.0035844265743484,0.013046438890646,-0.1192376383208276,4.199066787626161,-11.429792909628564,0.0023175693038663,0.112440839664799,119,110
47,2026-06-13T13:41:02.116170,model_30,COMPLETE,0.646698,13,6,2.145242416068429,0.608343635398196,112,60,80,50,9.860633309237713,6.306253251471914,0.6453191451015949,32,14,0.8546218643264772,19,-43,3.7678096158491794,-1.5793196220608985,31,9,2.422179232010544,29,11,187,30,3,1,0.5549620233221373,0.0054390467427632,0.0325693437427805,-0.1438732102566907,3.0847745894717007,-9.838767896548372,0.0023284893836082,0.1035502832571316,87,84
48,2026-06-13T15:45:53.799370,model_31,COMPLETE,0.623145,13,6,1.609255900376466,0.5842195082040708,132,59,80,50,10.223848354160378,6.228669170537033,0.5684382455805882,46,14,0.8299316403806075,18,-42,3.772576833071372,-2.150696691106931,30,8,2.4545436206785336,29,11,164,30,3,1,0.5507949328552192,0.0056194844955526,0.032494786294509,-0.1450643800700675,6.086140847826497,-10.044840217886922,0.0023090185454735,0.1029931159216697,89,83
49,2026-06-13T17:46:33.042659,model_32,COMPLETE,0.649047,12,6,1.6939929314077278,0.6308408549288952,137,58,80,44,11.18176474921558,6.260573576894776,0.5678279514484678,38,15,1.1595433290398356,19,-43,1.045298699568383,-2.1915161761418456,31,8,2.465316585577324,30,11,163,30,3,1,0.5562830609092942,0.006414653965314,0.0331730302559111,-0.1478226460481495,3.1903066390003927,-9.508258252077104,0.0016536386877149,0.1007732552808914,80,78
50,2026-06-13T19:50:43.353468,model_33,COMPLETE,0.652004,12,6,6.998721880177766,0.5885123733825984,136,61,80,44,11.091212622831891,6.714319021111871,0.5662026017922943,38,15,1.1634976865324282,19,-43,2.427582367435429,-2.3106350952503982,29,7,2.426631253870064,27,14,161,30,3,1,0.6472719738608459,0.0061329446904294,0.0324620164697132,-0.1481678935859373,3.302396056052229,-10.023221476881895,0.0022775301525168,0.1022745538451809,92,76
51,2026-06-13T21:54:37.962377,model_34,COMPLETE,0.587336,12,6,1.3884294193449245,0.6341400000984047,137,59,80,44,11.360703718819112,6.858641717979552,0.5579582831832504,34,15,1.1912537598251352,19,-44,1.1272745082115674,-2.290424256781235,28,3,2.478430091718937,26,14,160,35,3,1,0.6557327058049875,0.0067016422652911,0.0433490135127575,-0.1512692292979426,1.981651336923937,-9.718903561755418,0.0032455332821865,0.1005603689016547,91,78
52,2026-06-13T23:59:31.410042,model_35,COMPLETE,0.376993,12,6,1.457788710447525,0.5882531283261422,137,65,76,34,10.999565799471638,7.974540137654617,0.4494375316819263,38,15,0.4766560117651793,15,-38,1.0302136179822603,-2.234503818978917,29,8,2.872173646734167,28,14,121,45,3,1,0.6998439937424263,0.0111654693807225,0.0340957447725879,-0.1611245975723902,3.0228717179331297,-8.746455958871945,0.0015811882373676,0.0860981515830383,81,78
53,2026-06-14T02:04:51.047698,model_36,COMPLETE,0.620676,13,6,6.879063032119941,0.5620272291233184,137,62,81,50,10.163195441195466,6.663813850418161,0.5618001268284697,39,14,0.8604955918791657,19,-43,2.463884335694993,-2.0912018106734176,35,5,2.311342729674806,31,11,164,30,2,1,0.5648046030076094,0.048639754359489,0.0335911203725026,-0.1385850978400964,3.307545728905338,-10.073284464480858,0.0022438819882502,0.1066471152001568,117,96
54,2026-06-14T04:05:53.387187,model_37,COMPLETE,0.64309,14,6,6.994641761481804,0.5731851681131502,137,62,81,44,10.217671664199676,6.62384519647893,0.546763779519354,33,14,0.8724078031215217,19,-45,2.48484520529592,-2.0881713603218284,37,5,2.372467789982691,40,11,165,35,2,1,0.5781831601223687,0.0427491303483197,0.0428221238065993,-0.1406005020745555,3.0758801370344764,-9.924307240212851,0.002051769634998,0.103038976305319,94,93
55,2026-06-14T06:12:48.105403,model_38,COMPLETE,0.591058,14,6,2.107261870485476,0.6490800096941225,144,57,85,44,11.173681926083576,7.2228533413073235,0.552895637868682,31,15,0.685248852931602,19,-45,1.5720177938689912,-2.5119160386434864,39,7,2.3854898248834155,40,11,143,36,3,1,0.5944078924392516,0.0471285778080491,0.0409611861288135,-0.1568393054409674,2.88576387417687,-11.334626333104412,0.002019537830621,0.099686250519046,92,89
56,2026-06-14T08:14:53.010719,model_39,COMPLETE,0.384798,12,6,1.339956136378048,0.570044384691453,146,59,82,40,9.355648570851097,6.6465633670461415,0.4841604584430863,29,13,2.487086463829472,15,-39,3.859673568184007,-2.499407363200405,46,8,2.753168180361479,20,14,144,37,2,1,0.5168339375131995,0.0078639119710632,0.0444086414229128,-0.1356697007629041,4.092952462837049,-8.57157605473762,0.0011128326681573,0.0870185969038691,100,80
57,2026-06-14T10:23:11.716487,model_40,COMPLETE,0.622043,15,6,1.8649342372608035,0.6286014965548481,131,54,78,46,10.703065801802328,5.866596610372252,0.6467615796953676,34,14,1.1439466922025037,20,-47,2.4791707279140125,-1.6810372186080424,30,5,2.5739723502543392,25,16,188,45,3,1,0.5652574332027139,0.0158493515720558,0.0342783288879943,-0.141453716344093,2.095975897646721,-9.320032335709756,0.0028153206955548,0.0996987661590794,84,69
58,2026-06-14T12:16:04.715158,model_41,COMPLETE,0.55701,13,5,2.2442458054820005,0.5548717347578287,112,63,80,40,11.918554117050055,6.336429617978963,0.4119417707584677,25,15,0.9780590987772362,16,-50,1.36188373417631,-2.0732402003616555,25,8,2.9616405897579066,24,11,119,35,3,1,0.4569700807208284,0.0243400386287361,0.0588602278908663,-0.1751179188513391,1.3233317500660515,-9.98383989104749,0.0024661442072999,0.1171397288395513,140,93
59,2026-06-14T14:23:32.677840,model_42,COMPLETE,0.592584,14,6,1.7176342752786722,0.5985186229564463,144,59,84,48,11.485231271729791,7.262675238233399,0.5813478573287567,27,14,0.6329694023745451,13,-41,1.8968278497253808,-2.4770151251569708,43,3,2.187807079167872,41,13,155,44,2,1,0.6494981529656022,0.0113678005582944,0.0456905317413728,-0.127124580178079,3.228237131651861,-11.163807312857385,0.0019671196253855,0.1077844297633244,96,85
60,2026-06-14T15:50:21.102718,model_43,COMPLETE,0.527749,14,5,6.7444835469821385,0.6520905153990538,133,56,76,52,10.248054812694102,6.587569563843664,0.634868552797863,36,13,1.2401372125638654,18,-46,4.364952538086768,-2.0764055699414614,37,6,2.3911793360024087,51,10,167,33,4,1,0.4544222709403252,0.0051834698860053,0.0283589571360449,-0.1449800412496255,2.90718892920406,-9.236662795190282,0.0031525839781825,0.0890850907305051,126,75
43,2026-06-14T19:57:06.661359,model_44,COMPLETE,0.616425,11,6,1.1536744941507555,0.6939722328891287,128,61,82,43,8.65717830641955,6.45456847682686,0.531823978959223,32,15,0.8932941623689632,20,-35,3.246307423514686,-2.7513573940100056,34,7,2.6138647214346165,27,15,149,38,3,1,0.5865125517904302,0.002120830214859,0.0360622298680269,-0.1520357312497425,5.088027474432119,-9.817868677045723,0.0021953366297773,0.0956670075451183,87,79
44,2026-06-14T22:26:09.103499,model_45,COMPLETE,0.631685,12,6,5.530656509506934,0.5341368238253886,115,63,81,54,9.11244965854105,6.502973365819013,0.6101348921336689,36,15,0.9735918409407062,19,-48,2.996933807955128,-1.287938707358596,31,9,2.261952949290569,32,12,169,33,2,1,0.5214091035723125,0.017484635581103,0.039507136820872,-0.1355004594160156,2.3706981307456205,-10.200942821716485,0.0024427440717965,0.0963389198586932,87,72
45,2026-06-15T00:51:37.868266,model_46,COMPLETE,0.591672,12,6,5.01707379127927,0.6268916091181157,105,65,81,46,8.021745128937399,5.656646390531795,0.6207061221366315,42,14,1.1550963596751798,18,-38,4.122861336475377,-1.931861242172472,37,12,2.65324502971014,29,8,213,39,3,1,0.6699809556965866,0.0100633605551492,0.0308282456154558,-0.1480908646252415,4.450749657933356,-9.876773797020128,0.002575644846915,0.1053711316357424,94,75
46,2026-06-15T03:19:23.447022,model_47,COMPLETE,0.612153,12,6,3.5553181165010304,0.6123069493733767,138,60,79,52,10.72451608274644,6.804387597243584,0.5845246844206511,33,15,1.0170642641798917,16,-32,2.9377831721322765,-1.6917594722037492,27,5,2.1292138199633377,27,4,158,32,3,1,0.5712047251721355,0.0077443321080079,0.0293128504854295,-0.1533442807169148,3.59250911067569,-9.633710556439423,0.002660747087919,0.1142276511871323,97,78
47,2026-06-15T05:44:48.122988,model_48,COMPLETE,0.641842,11,6,6.450620110720937,0.670114039543392,83,57,83,42,9.601643557728815,6.177927811480883,0.5315355721548455,40,14,0.9473671545722984,20,-48,4.387897042017798,-2.654619225793541,31,7,2.3573427880805955,33,13,182,34,2,1,0.6061198642634043,0.012979245957905,0.0303674488166415,-0.1302739247082444,2.669273888941493,-9.417860935078629,0.0021624565373711,0.1089146599266775,101,85
48,2026-06-15T08:14:31.570380,model_49,COMPLETE,0.571056,13,6,1.0074809612107485,0.5771789002440633,120,63,78,45,11.696795032439638,5.986286213943611,0.672059904329897,43,15,0.7158265419834691,16,-40,3.3219814564986163,-1.3356934211694214,34,9,2.542492388301796,39,16,193,32,3,1,0.6228422350402938,0.0047242382019989,0.037893827300604,-0.1409396742955261,5.151042892329851,-10.19057295708276,0.0023611529691635,0.1020044906668952,107,93
49,2026-06-15T10:40:29.867858,model_50,COMPLETE,0.59066,12,6,6.370132042125213,0.5431423212692263,89,54,79,54,8.737783365952419,6.758900273255004,0.5878130134127492,35,14,1.2352723414618485,19,-45,2.39229607970089,-1.6907165387762888,29,4,2.444059414419883,30,10,169,39,2,1,0.5526552600818687,0.0027884874531785,0.0359301110674695,-0.1479597521576888,4.114303737986451,-10.477982583929396,0.0020497249237645,0.0969797480918933,104,82
50,2026-06-15T13:03:24.904063,model_51,COMPLETE,0.572865,11,6,2.591950084249774,0.4894104641108937,141,58,82,47,8.218099324546685,6.415282438864293,0.5410206287964231,37,15,0.8659363740934598,18,-37,2.7057578452532383,-2.4064899718381136,32,12,2.68372793414846,43,10,198,36,3,1,0.5278493973100395,0.0073537531272449,0.0228706715171381,-0.1328679499252034,3.449949015197869,-9.941675926914227,0.0025063029116951,0.093651029433649,88,77
51,2026-06-15T15:28:29.210713,model_52,COMPLETE,0.654061,11,6,6.586671571105571,0.6688454766248996,81,57,83,42,9.497598205577598,6.2233265697528015,0.5046222785562366,39,14,0.9437963014112728,20,-48,4.388162937631384,-2.6914300875660238,31,7,2.343066981144154,33,13,186,34,2,1,0.6069686320653587,0.0119399825715185,0.0299727348826983,-0.1285865261519955,2.6440323031070063,-9.496558475100814,0.0022165623487979,0.1088205851956948,99,85
52,2026-06-15T18:01:21.532163,model_53,COMPLETE,0.64026,11,6,6.625697462467917,0.6494794377505138,77,62,83,43,9.292534907282468,6.270398801469545,0.4879094975056127,40,14,0.8726590065349067,20,-44,3.9347851230115705,-2.5766888012966684,31,6,2.3024628463495342,28,13,150,31,2,1,0.6093344251007144,0.0147506299312773,0.0358027422944404,-0.1434584513806459,2.283500627654941,-9.608905492513014,0.0023877964699741,0.1089805001143835,100,84
62,2026-06-16T02:56:17.325778,model_54,COMPLETE,0.658657,12,6,8.457476180981443,0.4176030104166013,74,46,80,52,9.827702765438133,6.313612801716254,0.6448895367243613,29,14,0.902112681163962,10,-36,4.119259765305709,-0.7699634452654094,39,13,1.4448664217886389,40,17,182,27,4,1,0.5579124821349143,0.01071763405857,0.0226849918164185,-0.1268854549076005,3.289318178896273,-8.961391171415254,0.0019642013112797,0.1048254771109841,93,81
63,2026-06-16T05:23:12.527620,model_55,COMPLETE,0.661777,12,6,8.50898426482881,0.3471504579496517,75,43,79,56,9.913484743274134,6.965454610376137,0.6081544582583839,29,14,0.7912952978434435,9,-35,3.97473347561543,-0.5266587512616131,39,12,1.4585157824914143,37,21,164,26,4,1,0.5713322319713877,0.0101358405743942,0.0151287542777074,-0.121975993120035,2.645254787842478,-9.317259174030998,0.001830630846052,0.1062182740712561,96,74
64,2026-06-16T07:37:43.675082,model_56,COMPLETE,0.609733,9,2,11.332870051804788,0.2552512616796009,61,33,80,56,8.304359892850975,5.372707666248885,0.3889008077265787,42,15,0.7408558977236245,0,-28,3.777901148246289,-0.3347401003386735,50,21,1.1919702955318197,41,15,289,70,2,1,0.5740537486154413,0.0269301245054144,0.0013077439139712,-0.1157040973326729,5.445844989194507,-7.649735020772027,0.0021539108416656,0.0996594181940492,82,64
65,2026-06-16T10:47:52.095578,model_57,COMPLETE,0.559831,12,6,6.249971455010705,0.2213389098803797,80,45,77,65,5.385879579360681,5.924292143378228,0.2436511847079086,36,13,1.4835216092035557,4,-30,4.97669083856564,-0.9967743225108152,41,16,1.0215330593973322,48,27,215,89,3,1,0.5767306343431332,0.0285516848030429,0.0156003045921745,-0.118300423488303,3.226725514187136,-7.68931684867678,0.0012421519387016,0.0927998013110946,96,78
66,2026-06-16T15:12:03.961247,model_58,COMPLETE,0.606236,11,3,13.036545245206137,0.3937556302722446,68,49,81,61,9.601671187664644,4.34826553379044,0.2435319284060128,29,14,1.2516439887929185,-1,-27,3.2227843432154315,-0.2016862415803804,54,10,0.8064697533295573,41,27,296,57,4,1,0.5521321663837686,0.017987574202056,0.0132098362999622,-0.1021475492705837,5.607498774366779,-8.170255102393412,0.0008460389319539,0.0924534026128195,97,82
67,2026-06-16T19:43:48.611729,model_59,COMPLETE,0.600512,11,6,7.864866579247572,0.3187011600961403,66,43,80,57,8.210273183944997,6.038779139881455,0.5569133509629849,32,15,0.6515148329030798,7,-34,3.5589866218423376,-0.4403389453766836,39,10,1.2235907004663236,41,24,220,39,4,1,0.5605987442548135,0.0128297443216292,0.0125232286894943,-0.1221488583311406,3.14052854567417,-8.630647341929585,0.0012894888837415,0.0997307318210981,105,85
68,2026-06-16T23:47:48.829334,model_60,COMPLETE,0.535464,12,5,9.315620994350777,0.3845114400143155,76,55,76,59,9.385522836055983,6.333820025109035,0.5742862871152526,28,15,0.5940724583933765,8,-37,4.011882792777641,-0.3275088401342967,43,12,1.3422929137013662,45,23,192,49,4,1,0.5598887766474743,0.0105257942040932,0.0117285266558908,-0.1178852484446216,2.5474116252659167,-9.330319521074909,0.0025772277387052,0.1105360851146084,89,62
69,2026-06-17T04:14:39.036659,model_61,COMPLETE,0.661123,12,6,4.304146639739408,0.4414630023997775,84,48,82,52,7.67470942211507,6.843476327280222,0.7165415111098689,31,12,0.7764757918476264,9,-38,3.952357713066763,-0.9539545605963534,39,10,1.40654793622576,48,13,194,35,3,1,0.5271792263504075,0.0112980166883002,0.0285409690850515,-0.1277174710595642,3.4201419183185147,-9.449929307015386,0.0015105275415587,0.1084180780460814,83,82
70,2026-06-17T08:43:51.748981,model_62,COMPLETE,0.557294,12,5,6.577597882371399,0.3926709793365326,78,37,79,62,9.283170132142946,6.843278108071441,0.5163895664671108,30,14,0.559811930465628,10,-34,3.887919457394822,-0.6556346746377661,38,17,1.4839720010963449,47,16,148,52,4,1,0.5794113420534458,0.012032830147561,0.0112023048675499,-0.103836014817348,2.572286201623045,-9.165265503783951,0.0014911937105456,0.1006767437937939,93,84
87,2026-06-19T18:23:20.663849,model_63,COMPLETE,0.638763,12,6,6.441307481955852,0.371048059559221,72,42,81,50,7.262892952480979,6.832990546461715,0.688438178161911,31,13,0.8270856296257648,3,-35,3.475169110253909,-0.8111242446475222,39,17,1.3988304463696617,40,15,234,88,3,1,0.5113356458728547,0.0105523193700117,0.027828183802976,-0.1234687038197463,4.830915828059064,-9.23785526472657,0.0018204803615209,0.1088834287966245,91,89
88,2026-06-19T20:34:42.511429,model_64,COMPLETE,0.649613,12,5,11.668249849986848,0.4912997094734798,71,38,80,56,9.449504836346414,6.940074794931259,0.7060971412234954,34,15,1.0065111334175727,9,-35,4.1400445445802925,-0.8435785345656945,43,20,1.2619679327222408,39,16,171,36,4,1,0.5670846464347565,0.0112674760359841,0.0140181850986167,-0.1287255398419189,3.032275443643057,-9.35006454898382,0.0027502455469063,0.107644885465241,97,90
89,2026-06-19T22:42:32.772700,model_65,COMPLETE,0.610731,11,3,11.4667681411797,0.4907096191691369,83,37,77,55,8.906616178703793,6.8246469947271065,0.7724297533826494,35,14,0.954348047471792,8,-37,4.280527312015485,-0.9805878113745232,46,22,1.3365559335863673,37,12,183,29,4,1,0.5678537504728774,0.0108753386271151,0.0171033995505243,-0.122718925038688,2.6066586603231503,-9.392971108845463,0.0028658602103583,0.1128977409622282,102,89
90,2026-06-20T00:45:28.122266,model_66,COMPLETE,0.628962,8,2,10.940737362399364,0.1503884529624705,58,48,81,62,7.860629308726706,5.8978212994425405,0.2826105847031644,35,14,0.7979675211845456,2,-28,4.458099414768084,-0.5881863806189567,54,20,0.8921175181941505,75,20,193,76,2,1,0.5330844079053191,0.0185166058059165,0.022139862171961,-0.1140782297867827,2.708872638133489,-8.62285551064075,0.0017342127441257,0.1029258828998893,92,63
91,2026-06-20T02:57:55.708300,model_67,COMPLETE,0.68287,12,6,11.391531881524148,0.0496361562089767,77,43,82,51,9.395294269504966,4.453985008774783,0.7021681381954108,28,15,0.9992925605793624,9,-36,4.330239996720132,-0.7056998017120646,41,10,1.235997506852491,44,19,163,31,4,1,0.574530028965322,0.0115165178733182,0.0292754445163547,-0.1264402758119259,2.8300403982960147,-8.693494488292345,0.0015390683257843,0.0902685012774021,98,83
92,2026-06-20T05:05:27.557522,model_68,COMPLETE,0.620792,10,4,4.9151448716568265,0.4219595066220273,69,47,80,57,7.307322856129061,6.5018273671807,0.6397512407902599,32,13,1.0873938523051598,8,-32,4.97111957122141,-0.4203588828847547,52,19,0.7504553653965067,48,14,327,54,5,1,0.6305055604667738,0.0119142503322477,0.0247902240152049,-0.125174853360387,4.645130840170387,-8.46102976148038,0.0019311423937286,0.0958266888173631,91,86
93,2026-06-20T07:09:17.795179,model_69,COMPLETE,0.592972,9,2,11.332870051804788,0.258998436328506,61,33,80,56,8.304359892850975,5.372707666248885,0.37476481123866,42,15,0.6649414874959869,0,-28,3.777901148246289,-0.3347401003386735,50,21,1.1919702955318197,41,15,289,70,2,1,0.5740537486154413,0.0269301245054144,0.0013077439139712,-0.1157040973326729,5.445844989194507,-7.649735020772027,0.0021539108416656,0.0996594181940492,82,64
94,2026-06-20T09:19:57.106138,model_70,COMPLETE,0.576125,11,6,12.217438727491349,0.0202250696342851,66,37,78,50,8.431864646378953,6.772452983405758,0.7568331797783359,31,16,1.0072188434121765,7,-37,3.9484896441682777,-0.9149883645735556,40,13,1.3826693137936656,41,19,220,25,5,1,0.5447007055731149,0.0112244268030715,0.0160632752467636,-0.1266618354127189,3.459780227828149,-9.348848230847556,0.0024885017488429,0.1033203288803079,90,73
95,2026-06-20T11:29:47.119700,model_71,COMPLETE,0.699961,10,6,9.443515039275246,0.4985885786832633,70,41,82,50,8.681947790504696,3.387286123299896,0.7258149804041092,31,15,0.9655776720403632,3,-35,4.745977006215013,-0.6444124860258419,45,10,1.4206612740372302,45,16,170,20,4,1,0.6298197214341477,0.0117323022882715,0.0279577793219859,-0.1124023388550812,3.4100979011020787,-8.85535474316226,0.0010419049051408,0.0961040417194169,97,86
96,2026-06-20T13:38:27.573236,model_72,COMPLETE,0.68128,9,6,7.433665165363995,0.0608555513318807,68,49,80,51,9.257857359784497,3.104773353683182,0.7380209618737704,32,15,0.9119192829133028,3,-35,4.432881888012643,-0.552520619906401,42,14,1.3377077646962234,44,20,205,27,3,1,0.6445714716821676,0.0193188234743139,0.0216214088452851,-0.1002716118244538,4.104043026762427,-8.62933103903085,0.0008202787114265,0.1012964656914022,98,87
97,2026-06-20T15:50:11.532794,model_73,COMPLETE,0.532067,12,6,6.249971455010705,0.2170319009769698,80,45,77,65,5.385879579360681,5.924292143378228,0.1634926323024125,36,13,1.481873770123911,4,-30,4.97669083856564,-0.9967743225108152,41,16,1.0215330593973322,48,27,215,89,3,1,0.5767306343431332,0.0285516848030429,0.0156003045921745,-0.118300423488303,3.226725514187136,-7.68931684867678,0.0012421519387016,0.0927998013110946,96,78
98,2026-06-20T18:00:16.818727,model_74,COMPLETE,0.694545,10,6,8.917585448090364,0.0656509557397701,64,48,81,50,7.736992154243285,3.433051206036757,0.8302577655519009,32,16,0.9184684179510118,1,-34,4.843475226812146,-0.7170260034081758,43,11,1.487312319265972,64,15,226,23,4,1,0.5917486824948276,0.0116297866942884,0.0254584012752874,-0.1188207263316002,4.027444104014984,-9.015815252161673,0.0012670713110294,0.0955496099746702,98,71
99,2026-06-20T20:07:08.067506,model_75,COMPLETE,0.676224,9,5,8.567258974315974,0.0667762082149903,64,40,82,55,8.528556752408,3.1625333271680565,0.8496178681609474,35,14,0.8763879083107068,4,-33,4.504166561550777,-0.2701080024578536,52,12,1.3980809500484173,44,13,145,24,4,1,0.6124256142442356,0.0149308622055412,0.0200654604363857,-0.1052155577203547,3.603464534935302,-8.441869200615121,0.0008274935426784,0.0979113725127046,92,79
100,2026-06-20T22:14:46.860041,model_76,COMPLETE,0.641545,9,5,9.93650766643631,0.0658668498348406,72,38,82,54,8.356701276989098,3.1253830171290007,0.8873490509374187,39,15,0.8748106790659219,8,-32,4.472822859497542,-0.1850814398660532,49,13,1.089246888966325,45,15,155,20,5,1,0.597768989698047,0.0119282855923861,0.0123238009555687,-0.1009190150491837,4.103915512220632,-8.146752059570924,0.0007903473618931,0.095845475131885,98,81
101,2026-06-21T00:24:27.938228,model_77,COMPLETE,0.667589,10,6,9.20354608726572,0.0638439277190291,68,50,82,52,8.241055178361353,4.260052282855117,0.804473350746429,35,16,0.8191082647358641,5,-37,4.461571456559831,-0.4012874193614445,45,19,1.361383637755834,74,15,269,25,3,1,0.5677610785065416,0.0116877985524874,0.0272071779431964,-0.1193641489919738,5.341927616331619,-9.245258724659136,0.001540702400616,0.0951141884985584,98,79
102,2026-06-21T02:33:59.554686,model_78,COMPLETE,0.666236,10,6,8.831533859563718,0.0567823166570937,63,36,81,52,7.783331403013822,4.12050066575899,0.8819283218436219,36,15,0.7910603925989386,-1,-34,4.705554011937905,-0.7309578442526841,41,13,1.458886978761845,56,20,229,34,4,1,0.6288498561383823,0.0158181614584594,0.027931539441902,-0.1061614215559937,3.216731510522156,-8.504761696002854,0.00116657681211,0.0963914934605272,95,95
103,2026-06-21T04:40:22.392602,model_79,COMPLETE,0.641809,10,4,9.012722268379608,0.0611234777283598,65,45,81,54,6.253983086047666,3.4587338774689957,0.8947312854410874,32,16,0.8250093910960977,-1,-33,4.940967730517549,-0.5665122835741738,43,10,1.4186842962267054,55,16,221,35,3,1,0.5830840742345225,0.0121115454922017,0.0183030828786469,-0.1282424078851607,4.596596820024692,-9.379429493900352,0.0007535556931884,0.0980907020330082,109,70
104,2026-06-21T06:48:03.870852,model_80,COMPLETE,0.588037,11,3,13.036545245206137,0.4303975924619026,68,49,81,61,9.601671187664644,4.34826553379044,0.1633191685905641,29,14,1.2268083876722105,-1,-27,3.2227843432154315,-0.2016862415803804,54,10,0.8064697533295573,41,27,296,57,4,1,0.5521321663837686,0.017987574202056,0.0132098362999622,-0.1021475492705837,5.607498774366779,-8.170255102393412,0.0008460389319539,0.0924534026128195,97,82
105,2026-06-21T08:57:44.540075,model_81,COMPLETE,0.652796,11,5,10.15857126129308,0.0246394245075233,62,46,82,53,7.926259181379299,3.678465297356094,0.8929106884627336,33,16,0.7886832834817257,7,-35,4.665616471743558,-0.5695455031550514,53,23,1.278095375110345,70,16,256,30,4,1,0.5765061503226924,0.0112737062971132,0.0258057231730306,-0.1099922026093985,5.272176012292548,-9.31566340626546,0.0017583105109898,0.0986332239903367,87,81
106,2026-06-21T11:07:30.726949,model_82,COMPLETE,0.660778,10,6,5.543644140215103,0.082440554990164,70,38,82,54,8.18407366462462,3.628124235518357,0.8151161286446531,39,15,0.7879779307262219,-2,-36,4.819872904509265,-0.3084349950589824,42,11,1.3240576844187228,69,18,172,28,5,1,0.6474914522436918,0.0172558496113958,0.0296557014710481,-0.0943927007318532,3.0180710303849523,-8.323596232819881,0.0014606346707527,0.0967878137688002,99,85
107,2026-06-21T13:16:35.257789,model_83,COMPLETE,0.662407,11,4,9.763359751450494,0.0805574402249643,69,40,82,52,7.913667203748376,3.70190977980376,0.823886728668399,32,16,0.7826527498591259,2,-37,4.576613019001615,-0.9104157060196654,47,11,1.2873165725918816,36,21,188,41,5,1,0.6161115968148827,0.0113534565314223,0.0292327511502842,-0.1090438736898114,3.4326442835979,-8.400112827643785,0.0009518035019793,0.0934823050013567,94,86
108,2026-06-21T15:24:59.591674,model_84,COMPLETE,0.656486,12,3,10.249789425034558,0.085305032870754,77,41,82,53,6.593347059388639,3.809464427440053,0.8417470690865868,31,16,0.8517365631586693,-1,-37,4.820207725868833,-0.8485970120152944,47,13,1.1115464250034,43,22,198,43,5,1,0.6009930689510949,0.0134841687556193,0.0261414583456647,-0.1086604000812499,4.189968131044987,-8.542353030606643,0.0011084899445026,0.099025376429188,102,87
109,2026-06-21T17:30:50.824007,model_85,COMPLETE,0.661167,7,5,9.635300969374637,0.0095101878645639,68,54,80,52,7.257351969768981,4.584881312173135,0.8279699532980676,42,16,0.7944057377968645,2,-35,4.162021728615397,-0.3761944976869116,45,19,1.0492627534034715,70,18,275,38,3,1,0.5826470248741754,0.0104325384461722,0.0264193354988773,-0.1232273526734774,5.657180225955351,-8.869876306191102,0.0015782658664993,0.0978268112479238,102,73
110,2026-06-21T19:39:12.420852,model_86,COMPLETE,0.464963,11,1,4.54006843685054,0.3322780943273259,68,50,74,60,9.97847480052304,5.613459485412163,0.6598672598183317,29,14,0.5128987851318755,9,-30,4.435515124559116,-0.752685127065671,48,25,1.08217545914587,35,27,157,65,2,1,0.5617744668358761,0.0182313844641767,0.0190770107805406,-0.1288272110842491,4.839343815408109,-8.742028300602165,0.0024704679340036,0.1027760308259975,95,92
111,2026-06-21T21:51:06.667300,model_87,COMPLETE,0.69662,10,6,8.35357477299761,0.0126708426270351,65,51,79,51,8.896563700972537,3.5220340537563883,0.8830647576689403,33,15,0.9422241357829482,5,-36,4.333716841268393,-0.6734383890584802,44,16,1.4348054872601654,48,21,179,27,2,1,0.6290469726460317,0.017300613357668,0.0208058706891514,-0.1029236992471303,3.1563435080451856,-8.588393099828508,0.0011120942660486,0.1042059442119653,94,86
112,2026-06-21T23:56:18.874023,model_88,COMPLETE,0.434985,11,2,9.080996377252934,0.0530338885262363,64,30,82,55,7.94470148940421,5.158019290214941,0.4001484219862384,28,16,1.4871613880846262,9,-25,4.004432670645574,-0.4436167301373808,47,13,0.5912963422032018,44,30,201,34,5,1,0.555372509306206,0.0141649659347787,0.0028658892466608,-0.120332574510184,2.6656883803320794,-8.872662099895745,0.0024971158280326,0.1139676819964504,99,89
113,2026-06-22T02:01:10.114367,model_89,COMPLETE,0.574694,10,2,4.177304934657113,0.4443587629315486,57,45,77,50,5.39108710377792,5.135543926793178,0.120957284200675,33,13,1.0952555442819008,3,-34,3.472924792396058,0.19163991331375,52,28,0.5674486351300517,36,28,220,77,2,1,0.6281860986341923,0.0294209228102025,0.006974393568127,-0.1257821653557819,3.249041702179212,-8.751415635309105,0.0022774967339887,0.0913768569660651,103,65
114,2026-06-22T04:04:35.786121,model_90,COMPLETE,0.660862,7,4,10.13801317165563,0.0202717361743466,63,48,81,54,6.805491858852842,4.632491528072738,0.8960331272346671,40,15,0.9131244291709796,2,-33,3.784519928847044,-0.2097440309704968,49,18,1.1577264258981492,73,18,282,25,5,1,0.6192013644454025,0.0120174164216372,0.0220810259272784,-0.1118340850578387,5.685859718076875,-8.15471886993978,0.0014160614363676,0.0969322669400911,103,67
115,2026-06-22T06:12:11.355028,model_91,COMPLETE,0.681836,8,6,6.177665902443258,0.024164786690046,69,55,80,51,9.17193053336984,4.311944822728587,0.8346879202932764,33,14,0.8930289694596873,1,-34,4.631845202071017,-0.7960220327783303,45,15,1.2950926580240707,53,18,199,38,3,1,0.6273866580972769,0.0139998713327594,0.0234380201555589,-0.104630238353323,4.000607818292156,-8.503691342386295,0.0008366209519662,0.1019532789280625,101,86
220,2026-06-22T18:55:18.087056,model_92,COMPLETE,0.650981,9,5,8.202351722835822,0.006670536527240707,68,55,77,53,9.177821356443221,4.821928167269197,0.7691006653724571,38,15,0.9853771947533234,2,-29,4.717575260932669,-0.6759815095327089,49,11,1.0458169008559337,52,20,165,55,3,1,0.6446026313901592,0.012861394603530479,0.02094397272708653,-0.10487153488684652,4.046994239280815,-8.428649679860463,0.0006855515424368672,0.1090456444766865,106,88
221,2026-06-22T21:06:04.587907,model_93,COMPLETE,0.678688,10,6,6.116982575176271,0.0061894314449956675,63,44,77,51,9.117841098611251,3.1787083383799186,0.7712374378568639,28,15,0.9866192968645089,6,-38,3.8649258490133342,-0.8453615938173489,44,14,1.3549566009312493,40,16,138,31,2,1,0.6298325506341051,0.014876273931809066,0.014596778164247953,-0.10257688113528138,3.7621369499822026,-8.771022406620357,0.002035737032843106,0.0974418003313182,96,81
222,2026-06-22T23:15:37.789625,model_94,COMPLETE,0.691574,9,6,7.782444148952813,0.007898009634308072,52,50,81,54,8.882080092351575,3.442024066240401,0.7647672659755713,29,16,0.987389956398067,0,-36,4.64525179345541,-0.7740320687204696,48,12,1.2227740560118516,62,14,264,23,5,1,0.6370084731125589,0.01862077930874112,0.018007477066516266,-0.11571869138354679,3.336361143841282,-8.503435007621567,0.0012948163620837183,0.09541297287449721,98,61
223,2026-06-23T01:25:57.575464,model_95,COMPLETE,0.675869,9,6,6.769826496537496,0.010861022266969316,69,42,77,53,6.851103931610073,3.2677383606998363,0.7552926269502105,30,14,1.0003547206641756,4,-35,3.9683310303343076,-0.9303885168018621,48,13,1.3115657519032655,41,19,166,21,3,1,0.6359084040195353,0.012777971086642892,0.010216881419107215,-0.1058550813720002,4.054525471231575,-9.08700712990459,0.001407845001959722,0.09419077218340105,85,79
224,2026-06-23T03:30:56.677510,model_96,COMPLETE,0.628962,8,2,10.940737362399364,0.15038845296247053,58,48,81,62,7.860629308726706,5.8978212994425405,0.28261058470316447,35,14,0.7979675211845456,2,-28,4.458099414768084,-0.5881863806189567,54,20,0.8921175181941505,75,20,193,76,2,1,0.5330844079053191,0.018516605805916558,0.02213986217196107,-0.11407822978678275,2.708872638133489,-8.62285551064075,0.0017342127441257655,0.10292588289988931,92,63
225,2026-06-23T05:41:40.761361,model_97,COMPLETE,0.681258,10,5,4.563390024974235,0.0051181817659675805,51,49,80,52,8.546882797250177,4.338876195923552,0.7723181309280274,34,15,0.9939409792634805,-3,-36,4.722715461021155,-0.8585371704702495,51,17,1.2487216165799906,67,16,276,21,5,1,0.6391525985638066,0.021783027887352206,0.015926001546078625,-0.1152350090634015,3.311897279267341,-8.198315367469478,0.0016313186274119632,0.09339890182862913,102,69
226,2026-06-23T07:49:56.166632,model_98,COMPLETE,0.620792,10,4,4.9151448716568265,0.42195950662202736,69,47,80,57,7.307322856129061,6.5018273671807,0.6397512407902599,32,13,1.0873938523051598,8,-32,4.97111957122141,-0.42035888288475476,52,19,0.7504553653965067,48,14,327,54,5,1,0.6305055604667738,0.011914250332247743,0.024790224015204997,-0.12517485336038706,4.645130840170387,-8.46102976148038,0.0019311423937286827,0.09582668881736313,91,86
227,2026-06-23T09:58:10.517181,model_99,COMPLETE,0.692512,9,5,6.932209197417238,0.012199906471628635,52,48,80,56,7.805037355380384,3.2453793813998444,0.7632308310547876,30,16,0.9946798628037419,-1,-35,4.703817196323645,-0.7130939596894872,50,14,1.157260192020601,61,15,254,20,5,1,0.6350333495346696,0.01857813419466313,0.011857059421629578,-0.10996013898523384,2.8778838309868777,-8.956401958537613,0.0013500529099976402,0.09378160573503638,97,60
228,2026-06-23T12:04:06.945368,model_100,COMPLETE,0.592972,9,2,11.332870051804788,0.25899843632850605,61,33,80,56,8.304359892850975,5.372707666248885,0.37476481123866,42,15,0.6649414874959869,0,-28,3.777901148246289,-0.3347401003386735,50,21,1.1919702955318197,41,15,289,70,2,1,0.5740537486154413,0.02693012450541444,0.0013077439139712165,-0.11570409733267295,5.445844989194507,-7.649735020772027,0.0021539108416656094,0.09965941819404923,82,64
229,2026-06-23T14:13:43.898207,model_101,COMPLETE,0.683232,10,5,6.799157067359101,0.021861626789203316,52,45,80,60,8.08020403836409,3.178597777202517,0.7384575405367583,29,15,1.0045519284590072,4,-35,4.868933195529819,-0.8992490826934334,46,11,1.401782177319759,58,13,254,29,4,1,0.5998374252238946,0.018306312598270712,0.01374545678113464,-0.09866826722941474,3.125981841930529,-9.005341746316489,0.0013489452603532557,0.09961490838683276,103,60
